"Sample","transect","is_dbo3","cluster11","class","sample_pct"
"BOX_5_29","CNL","Other transects","B2b","Acidimicrobiia",0
"BOX_5_29","CNL","Other transects","B2b","Actinobacteria",0
"BOX_5_29","CNL","Other transects","B2b","Alphaproteobacteria",23.320329432163
"BOX_5_29","CNL","Other transects","B2b","Bacteroidia",36.6315955392679
"BOX_5_29","CNL","Other transects","B2b","CPR2",0
"BOX_5_29","CNL","Other transects","B2b","Campylobacteria",0
"BOX_5_29","CNL","Other transects","B2b","Chitinivibrionia",0
"BOX_5_29","CNL","Other transects","B2b","Clostridia",0
"BOX_5_29","CNL","Other transects","B2b","Deltaproteobacteria",0.137920163927966
"BOX_5_29","CNL","Other transects","B2b","Gammaproteobacteria",38.7476849115341
"BOX_5_29","CNL","Other transects","B2b","Gracilibacteria",0
"BOX_5_29","CNL","Other transects","B2b","Kiritimatiellae",0
"BOX_5_29","CNL","Other transects","B2b","Lentisphaeria",0
"BOX_5_29","CNL","Other transects","B2b","Lokiarchaeia",0
"BOX_5_29","CNL","Other transects","B2b","Marinimicrobia_(SAR406_clade)_cl",0
"BOX_5_29","CNL","Other transects","B2b","Mollicutes",0
"BOX_5_29","CNL","Other transects","B2b","Nitrososphaeria",0
"BOX_5_29","CNL","Other transects","B2b","Nitrospinia",0
"BOX_5_29","CNL","Other transects","B2b","OM190",0
"BOX_5_29","CNL","Other transects","B2b","Oligosphaeria",0
"BOX_5_29","CNL","Other transects","B2b","Oxyphotobacteria",0
"BOX_5_29","CNL","Other transects","B2b","Phycisphaerae",0
"BOX_5_29","CNL","Other transects","B2b","Planctomycetacia",0
"BOX_5_29","CNL","Other transects","B2b","Spirochaetia",0
"BOX_5_29","CNL","Other transects","B2b","Thermoplasmata",0
"BOX_5_29","CNL","Other transects","B2b","Verrucomicrobiae",1.16246995310714
"BOX_5_30","CL","Other transects","B2b","Acidimicrobiia",0
"BOX_5_30","CL","Other transects","B2b","Actinobacteria",0
"BOX_5_30","CL","Other transects","B2b","Alphaproteobacteria",4.54669504939687
"BOX_5_30","CL","Other transects","B2b","Bacteroidia",37.3778723868784
"BOX_5_30","CL","Other transects","B2b","CPR2",0
"BOX_5_30","CL","Other transects","B2b","Campylobacteria",0
"BOX_5_30","CL","Other transects","B2b","Chitinivibrionia",0
"BOX_5_30","CL","Other transects","B2b","Clostridia",0
"BOX_5_30","CL","Other transects","B2b","Deltaproteobacteria",0
"BOX_5_30","CL","Other transects","B2b","Gammaproteobacteria",55.9521860160472
"BOX_5_30","CL","Other transects","B2b","Gracilibacteria",0
"BOX_5_30","CL","Other transects","B2b","Kiritimatiellae",0
"BOX_5_30","CL","Other transects","B2b","Lentisphaeria",0
"BOX_5_30","CL","Other transects","B2b","Lokiarchaeia",0
"BOX_5_30","CL","Other transects","B2b","Marinimicrobia_(SAR406_clade)_cl",0
"BOX_5_30","CL","Other transects","B2b","Mollicutes",0
"BOX_5_30","CL","Other transects","B2b","Nitrososphaeria",0
"BOX_5_30","CL","Other transects","B2b","Nitrospinia",0
"BOX_5_30","CL","Other transects","B2b","OM190",0
"BOX_5_30","CL","Other transects","B2b","Oligosphaeria",0
"BOX_5_30","CL","Other transects","B2b","Oxyphotobacteria",0
"BOX_5_30","CL","Other transects","B2b","Phycisphaerae",0
"BOX_5_30","CL","Other transects","B2b","Planctomycetacia",0
"BOX_5_30","CL","Other transects","B2b","Spirochaetia",0
"BOX_5_30","CL","Other transects","B2b","Thermoplasmata",0
"BOX_5_30","CL","Other transects","B2b","Verrucomicrobiae",2.12324654767753
"BOX_5_31","CNL","Other transects","B1","Acidimicrobiia",0
"BOX_5_31","CNL","Other transects","B1","Actinobacteria",0
"BOX_5_31","CNL","Other transects","B1","Alphaproteobacteria",18.5799488781596
"BOX_5_31","CNL","Other transects","B1","Bacteroidia",33.3996023856859
"BOX_5_31","CNL","Other transects","B1","CPR2",0
"BOX_5_31","CNL","Other transects","B1","Campylobacteria",0
"BOX_5_31","CNL","Other transects","B1","Chitinivibrionia",0
"BOX_5_31","CNL","Other transects","B1","Clostridia",0
"BOX_5_31","CNL","Other transects","B1","Deltaproteobacteria",0.198807157057654
"BOX_5_31","CNL","Other transects","B1","Gammaproteobacteria",40.8463504686169
"BOX_5_31","CNL","Other transects","B1","Gracilibacteria",0
"BOX_5_31","CNL","Other transects","B1","Kiritimatiellae",0
"BOX_5_31","CNL","Other transects","B1","Lentisphaeria",0
"BOX_5_31","CNL","Other transects","B1","Lokiarchaeia",0
"BOX_5_31","CNL","Other transects","B1","Marinimicrobia_(SAR406_clade)_cl",0
"BOX_5_31","CNL","Other transects","B1","Mollicutes",0
"BOX_5_31","CNL","Other transects","B1","Nitrososphaeria",0
"BOX_5_31","CNL","Other transects","B1","Nitrospinia",0
"BOX_5_31","CNL","Other transects","B1","OM190",0
"BOX_5_31","CNL","Other transects","B1","Oligosphaeria",0
"BOX_5_31","CNL","Other transects","B1","Oxyphotobacteria",0
"BOX_5_31","CNL","Other transects","B1","Phycisphaerae",0
"BOX_5_31","CNL","Other transects","B1","Planctomycetacia",0
"BOX_5_31","CNL","Other transects","B1","Spirochaetia",0
"BOX_5_31","CNL","Other transects","B1","Thermoplasmata",0
"BOX_5_31","CNL","Other transects","B1","Verrucomicrobiae",6.97529111047998
"BOX_5_32","CL","Other transects","B2a","Acidimicrobiia",0
"BOX_5_32","CL","Other transects","B2a","Actinobacteria",0
"BOX_5_32","CL","Other transects","B2a","Alphaproteobacteria",20.7700696250315
"BOX_5_32","CL","Other transects","B2a","Bacteroidia",29.4438386041439
"BOX_5_32","CL","Other transects","B2a","CPR2",0
"BOX_5_32","CL","Other transects","B2a","Campylobacteria",0
"BOX_5_32","CL","Other transects","B2a","Chitinivibrionia",0
"BOX_5_32","CL","Other transects","B2a","Clostridia",0
"BOX_5_32","CL","Other transects","B2a","Deltaproteobacteria",0.155188323127254
"BOX_5_32","CL","Other transects","B2a","Gammaproteobacteria",49.6309034476973
"BOX_5_32","CL","Other transects","B2a","Gracilibacteria",0
"BOX_5_32","CL","Other transects","B2a","Kiritimatiellae",0
"BOX_5_32","CL","Other transects","B2a","Lentisphaeria",0
"BOX_5_32","CL","Other transects","B2a","Lokiarchaeia",0
"BOX_5_32","CL","Other transects","B2a","Marinimicrobia_(SAR406_clade)_cl",0
"BOX_5_32","CL","Other transects","B2a","Mollicutes",0
"BOX_5_32","CL","Other transects","B2a","Nitrososphaeria",0
"BOX_5_32","CL","Other transects","B2a","Nitrospinia",0
"BOX_5_32","CL","Other transects","B2a","OM190",0
"BOX_5_32","CL","Other transects","B2a","Oligosphaeria",0
"BOX_5_32","CL","Other transects","B2a","Oxyphotobacteria",0
"BOX_5_32","CL","Other transects","B2a","Phycisphaerae",0
"BOX_5_32","CL","Other transects","B2a","Planctomycetacia",0
"BOX_5_32","CL","Other transects","B2a","Spirochaetia",0
"BOX_5_32","CL","Other transects","B2a","Thermoplasmata",0
"BOX_5_32","CL","Other transects","B2a","Verrucomicrobiae",0
"BOX_5_33","CNL","Other transects","B1","Acidimicrobiia",0
"BOX_5_33","CNL","Other transects","B1","Actinobacteria",0
"BOX_5_33","CNL","Other transects","B1","Alphaproteobacteria",18.7851647720749
"BOX_5_33","CNL","Other transects","B1","Bacteroidia",29.8656562177058
"BOX_5_33","CNL","Other transects","B1","CPR2",0
"BOX_5_33","CNL","Other transects","B1","Campylobacteria",0
"BOX_5_33","CNL","Other transects","B1","Chitinivibrionia",0.103341370995522
"BOX_5_33","CNL","Other transects","B1","Clostridia",0
"BOX_5_33","CNL","Other transects","B1","Deltaproteobacteria",1.07934320817545
"BOX_5_33","CNL","Other transects","B1","Gammaproteobacteria",45.7917097255712
"BOX_5_33","CNL","Other transects","B1","Gracilibacteria",0
"BOX_5_33","CNL","Other transects","B1","Kiritimatiellae",0
"BOX_5_33","CNL","Other transects","B1","Lentisphaeria",0
"BOX_5_33","CNL","Other transects","B1","Lokiarchaeia",0
"BOX_5_33","CNL","Other transects","B1","Marinimicrobia_(SAR406_clade)_cl",0.0688942473303479
"BOX_5_33","CNL","Other transects","B1","Mollicutes",0
"BOX_5_33","CNL","Other transects","B1","Nitrososphaeria",0
"BOX_5_33","CNL","Other transects","B1","Nitrospinia",0
"BOX_5_33","CNL","Other transects","B1","OM190",0
"BOX_5_33","CNL","Other transects","B1","Oligosphaeria",0
"BOX_5_33","CNL","Other transects","B1","Oxyphotobacteria",0
"BOX_5_33","CNL","Other transects","B1","Phycisphaerae",0
"BOX_5_33","CNL","Other transects","B1","Planctomycetacia",0
"BOX_5_33","CNL","Other transects","B1","Spirochaetia",0
"BOX_5_33","CNL","Other transects","B1","Thermoplasmata",0
"BOX_5_33","CNL","Other transects","B1","Verrucomicrobiae",4.30589045814674
"BOX_5_34","CL","Other transects","B2a","Acidimicrobiia",0
"BOX_5_34","CL","Other transects","B2a","Actinobacteria",0
"BOX_5_34","CL","Other transects","B2a","Alphaproteobacteria",14.1430676051727
"BOX_5_34","CL","Other transects","B2a","Bacteroidia",36.880013095433
"BOX_5_34","CL","Other transects","B2a","CPR2",0
"BOX_5_34","CL","Other transects","B2a","Campylobacteria",0
"BOX_5_34","CL","Other transects","B2a","Chitinivibrionia",0
"BOX_5_34","CL","Other transects","B2a","Clostridia",0
"BOX_5_34","CL","Other transects","B2a","Deltaproteobacteria",0.114585038467834
"BOX_5_34","CL","Other transects","B2a","Gammaproteobacteria",48.8623342609265
"BOX_5_34","CL","Other transects","B2a","Gracilibacteria",0
"BOX_5_34","CL","Other transects","B2a","Kiritimatiellae",0
"BOX_5_34","CL","Other transects","B2a","Lentisphaeria",0
"BOX_5_34","CL","Other transects","B2a","Lokiarchaeia",0
"BOX_5_34","CL","Other transects","B2a","Marinimicrobia_(SAR406_clade)_cl",0
"BOX_5_34","CL","Other transects","B2a","Mollicutes",0
"BOX_5_34","CL","Other transects","B2a","Nitrososphaeria",0
"BOX_5_34","CL","Other transects","B2a","Nitrospinia",0
"BOX_5_34","CL","Other transects","B2a","OM190",0
"BOX_5_34","CL","Other transects","B2a","Oligosphaeria",0
"BOX_5_34","CL","Other transects","B2a","Oxyphotobacteria",0
"BOX_5_34","CL","Other transects","B2a","Phycisphaerae",0
"BOX_5_34","CL","Other transects","B2a","Planctomycetacia",0
"BOX_5_34","CL","Other transects","B2a","Spirochaetia",0
"BOX_5_34","CL","Other transects","B2a","Thermoplasmata",0
"BOX_5_34","CL","Other transects","B2a","Verrucomicrobiae",0
"BOX_5_35","CL","Other transects","B2b","Acidimicrobiia",0
"BOX_5_35","CL","Other transects","B2b","Actinobacteria",0
"BOX_5_35","CL","Other transects","B2b","Alphaproteobacteria",11.0707576706324
"BOX_5_35","CL","Other transects","B2b","Bacteroidia",35.0281778334377
"BOX_5_35","CL","Other transects","B2b","CPR2",0
"BOX_5_35","CL","Other transects","B2b","Campylobacteria",0.144020037570445
"BOX_5_35","CL","Other transects","B2b","Chitinivibrionia",0
"BOX_5_35","CL","Other transects","B2b","Clostridia",0
"BOX_5_35","CL","Other transects","B2b","Deltaproteobacteria",0.413274890419537
"BOX_5_35","CL","Other transects","B2b","Gammaproteobacteria",53.3437695679399
"BOX_5_35","CL","Other transects","B2b","Gracilibacteria",0
"BOX_5_35","CL","Other transects","B2b","Kiritimatiellae",0
"BOX_5_35","CL","Other transects","B2b","Lentisphaeria",0
"BOX_5_35","CL","Other transects","B2b","Lokiarchaeia",0
"BOX_5_35","CL","Other transects","B2b","Marinimicrobia_(SAR406_clade)_cl",0
"BOX_5_35","CL","Other transects","B2b","Mollicutes",0
"BOX_5_35","CL","Other transects","B2b","Nitrososphaeria",0
"BOX_5_35","CL","Other transects","B2b","Nitrospinia",0
"BOX_5_35","CL","Other transects","B2b","OM190",0
"BOX_5_35","CL","Other transects","B2b","Oligosphaeria",0
"BOX_5_35","CL","Other transects","B2b","Oxyphotobacteria",0
"BOX_5_35","CL","Other transects","B2b","Phycisphaerae",0
"BOX_5_35","CL","Other transects","B2b","Planctomycetacia",0
"BOX_5_35","CL","Other transects","B2b","Spirochaetia",0
"BOX_5_35","CL","Other transects","B2b","Thermoplasmata",0
"BOX_5_35","CL","Other transects","B2b","Verrucomicrobiae",0
"BOX_5_36","CNL","Other transects","B1","Acidimicrobiia",0
"BOX_5_36","CNL","Other transects","B1","Actinobacteria",0
"BOX_5_36","CNL","Other transects","B1","Alphaproteobacteria",22.6996150502918
"BOX_5_36","CNL","Other transects","B1","Bacteroidia",38.6936545386812
"BOX_5_36","CNL","Other transects","B1","CPR2",0
"BOX_5_36","CNL","Other transects","B1","Campylobacteria",0
"BOX_5_36","CNL","Other transects","B1","Chitinivibrionia",0
"BOX_5_36","CNL","Other transects","B1","Clostridia",0
"BOX_5_36","CNL","Other transects","B1","Deltaproteobacteria",0.384949708183286
"BOX_5_36","CNL","Other transects","B1","Gammaproteobacteria",35.2291071650317
"BOX_5_36","CNL","Other transects","B1","Gracilibacteria",0
"BOX_5_36","CNL","Other transects","B1","Kiritimatiellae",0
"BOX_5_36","CNL","Other transects","B1","Lentisphaeria",0
"BOX_5_36","CNL","Other transects","B1","Lokiarchaeia",0
"BOX_5_36","CNL","Other transects","B1","Marinimicrobia_(SAR406_clade)_cl",0
"BOX_5_36","CNL","Other transects","B1","Mollicutes",0
"BOX_5_36","CNL","Other transects","B1","Nitrososphaeria",0
"BOX_5_36","CNL","Other transects","B1","Nitrospinia",0
"BOX_5_36","CNL","Other transects","B1","OM190",0
"BOX_5_36","CNL","Other transects","B1","Oligosphaeria",0
"BOX_5_36","CNL","Other transects","B1","Oxyphotobacteria",0
"BOX_5_36","CNL","Other transects","B1","Phycisphaerae",0
"BOX_5_36","CNL","Other transects","B1","Planctomycetacia",0
"BOX_5_36","CNL","Other transects","B1","Spirochaetia",0
"BOX_5_36","CNL","Other transects","B1","Thermoplasmata",0
"BOX_5_36","CNL","Other transects","B1","Verrucomicrobiae",2.992673537812
"BOX_5_37","CL","Other transects","B2a","Acidimicrobiia",0
"BOX_5_37","CL","Other transects","B2a","Actinobacteria",0
"BOX_5_37","CL","Other transects","B2a","Alphaproteobacteria",16.4787215957387
"BOX_5_37","CL","Other transects","B2a","Bacteroidia",26.6050886836289
"BOX_5_37","CL","Other transects","B2a","CPR2",0
"BOX_5_37","CL","Other transects","B2a","Campylobacteria",0.249334164447215
"BOX_5_37","CL","Other transects","B2a","Chitinivibrionia",0
"BOX_5_37","CL","Other transects","B2a","Clostridia",0
"BOX_5_37","CL","Other transects","B2a","Deltaproteobacteria",0.0510001700005667
"BOX_5_37","CL","Other transects","B2a","Gammaproteobacteria",56.6158553861846
"BOX_5_37","CL","Other transects","B2a","Gracilibacteria",0
"BOX_5_37","CL","Other transects","B2a","Kiritimatiellae",0
"BOX_5_37","CL","Other transects","B2a","Lentisphaeria",0
"BOX_5_37","CL","Other transects","B2a","Lokiarchaeia",0
"BOX_5_37","CL","Other transects","B2a","Marinimicrobia_(SAR406_clade)_cl",0
"BOX_5_37","CL","Other transects","B2a","Mollicutes",0
"BOX_5_37","CL","Other transects","B2a","Nitrososphaeria",0
"BOX_5_37","CL","Other transects","B2a","Nitrospinia",0
"BOX_5_37","CL","Other transects","B2a","OM190",0
"BOX_5_37","CL","Other transects","B2a","Oligosphaeria",0
"BOX_5_37","CL","Other transects","B2a","Oxyphotobacteria",0
"BOX_5_37","CL","Other transects","B2a","Phycisphaerae",0
"BOX_5_37","CL","Other transects","B2a","Planctomycetacia",0
"BOX_5_37","CL","Other transects","B2a","Spirochaetia",0
"BOX_5_37","CL","Other transects","B2a","Thermoplasmata",0
"BOX_5_37","CL","Other transects","B2a","Verrucomicrobiae",0
"BOX_5_39","CL","Other transects","B2b","Acidimicrobiia",0
"BOX_5_39","CL","Other transects","B2b","Actinobacteria",0
"BOX_5_39","CL","Other transects","B2b","Alphaproteobacteria",9.92076871207013
"BOX_5_39","CL","Other transects","B2b","Bacteroidia",38.6336817262306
"BOX_5_39","CL","Other transects","B2b","CPR2",0
"BOX_5_39","CL","Other transects","B2b","Campylobacteria",0
"BOX_5_39","CL","Other transects","B2b","Chitinivibrionia",0
"BOX_5_39","CL","Other transects","B2b","Clostridia",0
"BOX_5_39","CL","Other transects","B2b","Deltaproteobacteria",0.19807821982468
"BOX_5_39","CL","Other transects","B2b","Gammaproteobacteria",50.712238705327
"BOX_5_39","CL","Other transects","B2b","Gracilibacteria",0
"BOX_5_39","CL","Other transects","B2b","Kiritimatiellae",0
"BOX_5_39","CL","Other transects","B2b","Lentisphaeria",0
"BOX_5_39","CL","Other transects","B2b","Lokiarchaeia",0
"BOX_5_39","CL","Other transects","B2b","Marinimicrobia_(SAR406_clade)_cl",0
"BOX_5_39","CL","Other transects","B2b","Mollicutes",0
"BOX_5_39","CL","Other transects","B2b","Nitrososphaeria",0
"BOX_5_39","CL","Other transects","B2b","Nitrospinia",0
"BOX_5_39","CL","Other transects","B2b","OM190",0
"BOX_5_39","CL","Other transects","B2b","Oligosphaeria",0.535232636547539
"BOX_5_39","CL","Other transects","B2b","Oxyphotobacteria",0
"BOX_5_39","CL","Other transects","B2b","Phycisphaerae",0
"BOX_5_39","CL","Other transects","B2b","Planctomycetacia",0
"BOX_5_39","CL","Other transects","B2b","Spirochaetia",0
"BOX_5_39","CL","Other transects","B2b","Thermoplasmata",0
"BOX_5_39","CL","Other transects","B2b","Verrucomicrobiae",0
"BOX_5_40","CL","Other transects","B2b","Acidimicrobiia",0
"BOX_5_40","CL","Other transects","B2b","Actinobacteria",0
"BOX_5_40","CL","Other transects","B2b","Alphaproteobacteria",15.0285114045618
"BOX_5_40","CL","Other transects","B2b","Bacteroidia",30.9823929571829
"BOX_5_40","CL","Other transects","B2b","CPR2",0
"BOX_5_40","CL","Other transects","B2b","Campylobacteria",0.127551020408163
"BOX_5_40","CL","Other transects","B2b","Chitinivibrionia",0
"BOX_5_40","CL","Other transects","B2b","Clostridia",0
"BOX_5_40","CL","Other transects","B2b","Deltaproteobacteria",0.200080032012805
"BOX_5_40","CL","Other transects","B2b","Gammaproteobacteria",52.0583233293317
"BOX_5_40","CL","Other transects","B2b","Gracilibacteria",0
"BOX_5_40","CL","Other transects","B2b","Kiritimatiellae",0
"BOX_5_40","CL","Other transects","B2b","Lentisphaeria",0
"BOX_5_40","CL","Other transects","B2b","Lokiarchaeia",0
"BOX_5_40","CL","Other transects","B2b","Marinimicrobia_(SAR406_clade)_cl",0
"BOX_5_40","CL","Other transects","B2b","Mollicutes",0
"BOX_5_40","CL","Other transects","B2b","Nitrososphaeria",0
"BOX_5_40","CL","Other transects","B2b","Nitrospinia",0
"BOX_5_40","CL","Other transects","B2b","OM190",0
"BOX_5_40","CL","Other transects","B2b","Oligosphaeria",0.312625050020008
"BOX_5_40","CL","Other transects","B2b","Oxyphotobacteria",0
"BOX_5_40","CL","Other transects","B2b","Phycisphaerae",0
"BOX_5_40","CL","Other transects","B2b","Planctomycetacia",0
"BOX_5_40","CL","Other transects","B2b","Spirochaetia",0
"BOX_5_40","CL","Other transects","B2b","Thermoplasmata",0
"BOX_5_40","CL","Other transects","B2b","Verrucomicrobiae",1.29051620648259
"BOX_5_41","CL","Other transects","C2b2","Acidimicrobiia",0.147179067865904
"BOX_5_41","CL","Other transects","C2b2","Actinobacteria",0
"BOX_5_41","CL","Other transects","C2b2","Alphaproteobacteria",14.6906514036522
"BOX_5_41","CL","Other transects","C2b2","Bacteroidia",37.7759607522486
"BOX_5_41","CL","Other transects","C2b2","CPR2",0
"BOX_5_41","CL","Other transects","C2b2","Campylobacteria",0
"BOX_5_41","CL","Other transects","C2b2","Chitinivibrionia",0
"BOX_5_41","CL","Other transects","C2b2","Clostridia",0
"BOX_5_41","CL","Other transects","C2b2","Deltaproteobacteria",0.425183973834833
"BOX_5_41","CL","Other transects","C2b2","Gammaproteobacteria",45.8708094848733
"BOX_5_41","CL","Other transects","C2b2","Gracilibacteria",0
"BOX_5_41","CL","Other transects","C2b2","Kiritimatiellae",0
"BOX_5_41","CL","Other transects","C2b2","Lentisphaeria",0
"BOX_5_41","CL","Other transects","C2b2","Lokiarchaeia",0
"BOX_5_41","CL","Other transects","C2b2","Marinimicrobia_(SAR406_clade)_cl",0
"BOX_5_41","CL","Other transects","C2b2","Mollicutes",0
"BOX_5_41","CL","Other transects","C2b2","Nitrososphaeria",0
"BOX_5_41","CL","Other transects","C2b2","Nitrospinia",0
"BOX_5_41","CL","Other transects","C2b2","OM190",0
"BOX_5_41","CL","Other transects","C2b2","Oligosphaeria",0
"BOX_5_41","CL","Other transects","C2b2","Oxyphotobacteria",0
"BOX_5_41","CL","Other transects","C2b2","Phycisphaerae",0.239847369855547
"BOX_5_41","CL","Other transects","C2b2","Planctomycetacia",0
"BOX_5_41","CL","Other transects","C2b2","Spirochaetia",0
"BOX_5_41","CL","Other transects","C2b2","Thermoplasmata",0
"BOX_5_41","CL","Other transects","C2b2","Verrucomicrobiae",0.850367947669665
"BOX_5_42","CL","Other transects","C2b2","Acidimicrobiia",0.0687096330905593
"BOX_5_42","CL","Other transects","C2b2","Actinobacteria",0
"BOX_5_42","CL","Other transects","C2b2","Alphaproteobacteria",8.41349457193898
"BOX_5_42","CL","Other transects","C2b2","Bacteroidia",40.1813934313591
"BOX_5_42","CL","Other transects","C2b2","CPR2",0
"BOX_5_42","CL","Other transects","C2b2","Campylobacteria",0
"BOX_5_42","CL","Other transects","C2b2","Chitinivibrionia",0
"BOX_5_42","CL","Other transects","C2b2","Clostridia",0
"BOX_5_42","CL","Other transects","C2b2","Deltaproteobacteria",0
"BOX_5_42","CL","Other transects","C2b2","Gammaproteobacteria",50.0549677064724
"BOX_5_42","CL","Other transects","C2b2","Gracilibacteria",0
"BOX_5_42","CL","Other transects","C2b2","Kiritimatiellae",0
"BOX_5_42","CL","Other transects","C2b2","Lentisphaeria",0
"BOX_5_42","CL","Other transects","C2b2","Lokiarchaeia",0
"BOX_5_42","CL","Other transects","C2b2","Marinimicrobia_(SAR406_clade)_cl",0
"BOX_5_42","CL","Other transects","C2b2","Mollicutes",0
"BOX_5_42","CL","Other transects","C2b2","Nitrososphaeria",0
"BOX_5_42","CL","Other transects","C2b2","Nitrospinia",0
"BOX_5_42","CL","Other transects","C2b2","OM190",0
"BOX_5_42","CL","Other transects","C2b2","Oligosphaeria",0
"BOX_5_42","CL","Other transects","C2b2","Oxyphotobacteria",0
"BOX_5_42","CL","Other transects","C2b2","Phycisphaerae",0
"BOX_5_42","CL","Other transects","C2b2","Planctomycetacia",0
"BOX_5_42","CL","Other transects","C2b2","Spirochaetia",0.0446612615088635
"BOX_5_42","CL","Other transects","C2b2","Thermoplasmata",0
"BOX_5_42","CL","Other transects","C2b2","Verrucomicrobiae",1.23677339563007
"BOX_5_43","CL","Other transects","C2b2","Acidimicrobiia",0.182677530663728
"BOX_5_43","CL","Other transects","C2b2","Actinobacteria",0.0521935801896367
"BOX_5_43","CL","Other transects","C2b2","Alphaproteobacteria",14.1270623713283
"BOX_5_43","CL","Other transects","C2b2","Bacteroidia",42.5754632180242
"BOX_5_43","CL","Other transects","C2b2","CPR2",0
"BOX_5_43","CL","Other transects","C2b2","Campylobacteria",0
"BOX_5_43","CL","Other transects","C2b2","Chitinivibrionia",0
"BOX_5_43","CL","Other transects","C2b2","Clostridia",0
"BOX_5_43","CL","Other transects","C2b2","Deltaproteobacteria",0.376953634702931
"BOX_5_43","CL","Other transects","C2b2","Gammaproteobacteria",39.8497984747876
"BOX_5_43","CL","Other transects","C2b2","Gracilibacteria",0
"BOX_5_43","CL","Other transects","C2b2","Kiritimatiellae",0
"BOX_5_43","CL","Other transects","C2b2","Lentisphaeria",0
"BOX_5_43","CL","Other transects","C2b2","Lokiarchaeia",0
"BOX_5_43","CL","Other transects","C2b2","Marinimicrobia_(SAR406_clade)_cl",0
"BOX_5_43","CL","Other transects","C2b2","Mollicutes",0
"BOX_5_43","CL","Other transects","C2b2","Nitrososphaeria",0
"BOX_5_43","CL","Other transects","C2b2","Nitrospinia",0
"BOX_5_43","CL","Other transects","C2b2","OM190",0
"BOX_5_43","CL","Other transects","C2b2","Oligosphaeria",0
"BOX_5_43","CL","Other transects","C2b2","Oxyphotobacteria",0
"BOX_5_43","CL","Other transects","C2b2","Phycisphaerae",0.263867544292052
"BOX_5_43","CL","Other transects","C2b2","Planctomycetacia",0
"BOX_5_43","CL","Other transects","C2b2","Spirochaetia",0
"BOX_5_43","CL","Other transects","C2b2","Thermoplasmata",0
"BOX_5_43","CL","Other transects","C2b2","Verrucomicrobiae",2.57198364601154
"BOX_5_44","CL","Other transects","C2b2","Acidimicrobiia",0
"BOX_5_44","CL","Other transects","C2b2","Actinobacteria",0
"BOX_5_44","CL","Other transects","C2b2","Alphaproteobacteria",14.5893533680087
"BOX_5_44","CL","Other transects","C2b2","Bacteroidia",41.3600462338663
"BOX_5_44","CL","Other transects","C2b2","CPR2",0
"BOX_5_44","CL","Other transects","C2b2","Campylobacteria",0
"BOX_5_44","CL","Other transects","C2b2","Chitinivibrionia",0
"BOX_5_44","CL","Other transects","C2b2","Clostridia",0
"BOX_5_44","CL","Other transects","C2b2","Deltaproteobacteria",0.333911256662172
"BOX_5_44","CL","Other transects","C2b2","Gammaproteobacteria",41.6104796763629
"BOX_5_44","CL","Other transects","C2b2","Gracilibacteria",0
"BOX_5_44","CL","Other transects","C2b2","Kiritimatiellae",0
"BOX_5_44","CL","Other transects","C2b2","Lentisphaeria",0
"BOX_5_44","CL","Other transects","C2b2","Lokiarchaeia",0
"BOX_5_44","CL","Other transects","C2b2","Marinimicrobia_(SAR406_clade)_cl",0
"BOX_5_44","CL","Other transects","C2b2","Mollicutes",0
"BOX_5_44","CL","Other transects","C2b2","Nitrososphaeria",0
"BOX_5_44","CL","Other transects","C2b2","Nitrospinia",0
"BOX_5_44","CL","Other transects","C2b2","OM190",0
"BOX_5_44","CL","Other transects","C2b2","Oligosphaeria",0
"BOX_5_44","CL","Other transects","C2b2","Oxyphotobacteria",0
"BOX_5_44","CL","Other transects","C2b2","Phycisphaerae",0
"BOX_5_44","CL","Other transects","C2b2","Planctomycetacia",0
"BOX_5_44","CL","Other transects","C2b2","Spirochaetia",0
"BOX_5_44","CL","Other transects","C2b2","Thermoplasmata",0
"BOX_5_44","CL","Other transects","C2b2","Verrucomicrobiae",2.10620946509985
"BOX_5_45","CBE","Other transects","C2b2","Acidimicrobiia",0.199323723082399
"BOX_5_45","CBE","Other transects","C2b2","Actinobacteria",0
"BOX_5_45","CBE","Other transects","C2b2","Alphaproteobacteria",16.9816693361808
"BOX_5_45","CBE","Other transects","C2b2","Bacteroidia",31.2582310019576
"BOX_5_45","CBE","Other transects","C2b2","CPR2",0
"BOX_5_45","CBE","Other transects","C2b2","Campylobacteria",0
"BOX_5_45","CBE","Other transects","C2b2","Chitinivibrionia",0
"BOX_5_45","CBE","Other transects","C2b2","Clostridia",0
"BOX_5_45","CBE","Other transects","C2b2","Deltaproteobacteria",0.227798540665599
"BOX_5_45","CBE","Other transects","C2b2","Gammaproteobacteria",44.4919024737498
"BOX_5_45","CBE","Other transects","C2b2","Gracilibacteria",0
"BOX_5_45","CBE","Other transects","C2b2","Kiritimatiellae",0
"BOX_5_45","CBE","Other transects","C2b2","Lentisphaeria",0
"BOX_5_45","CBE","Other transects","C2b2","Lokiarchaeia",0
"BOX_5_45","CBE","Other transects","C2b2","Marinimicrobia_(SAR406_clade)_cl",0
"BOX_5_45","CBE","Other transects","C2b2","Mollicutes",0
"BOX_5_45","CBE","Other transects","C2b2","Nitrososphaeria",0
"BOX_5_45","CBE","Other transects","C2b2","Nitrospinia",0
"BOX_5_45","CBE","Other transects","C2b2","OM190",0
"BOX_5_45","CBE","Other transects","C2b2","Oligosphaeria",0
"BOX_5_45","CBE","Other transects","C2b2","Oxyphotobacteria",0
"BOX_5_45","CBE","Other transects","C2b2","Phycisphaerae",0
"BOX_5_45","CBE","Other transects","C2b2","Planctomycetacia",0
"BOX_5_45","CBE","Other transects","C2b2","Spirochaetia",0
"BOX_5_45","CBE","Other transects","C2b2","Thermoplasmata",0
"BOX_5_45","CBE","Other transects","C2b2","Verrucomicrobiae",6.84107492436376
"BOX_5_46","CBE","Other transects","C2b1","Acidimicrobiia",0
"BOX_5_46","CBE","Other transects","C2b1","Actinobacteria",0.359712230215827
"BOX_5_46","CBE","Other transects","C2b1","Alphaproteobacteria",19.8229651572859
"BOX_5_46","CBE","Other transects","C2b1","Bacteroidia",19.9005501481168
"BOX_5_46","CBE","Other transects","C2b1","CPR2",0
"BOX_5_46","CBE","Other transects","C2b1","Campylobacteria",0
"BOX_5_46","CBE","Other transects","C2b1","Chitinivibrionia",0
"BOX_5_46","CBE","Other transects","C2b1","Clostridia",0
"BOX_5_46","CBE","Other transects","C2b1","Deltaproteobacteria",0
"BOX_5_46","CBE","Other transects","C2b1","Gammaproteobacteria",50.4655099449852
"BOX_5_46","CBE","Other transects","C2b1","Gracilibacteria",0
"BOX_5_46","CBE","Other transects","C2b1","Kiritimatiellae",0
"BOX_5_46","CBE","Other transects","C2b1","Lentisphaeria",0
"BOX_5_46","CBE","Other transects","C2b1","Lokiarchaeia",0
"BOX_5_46","CBE","Other transects","C2b1","Marinimicrobia_(SAR406_clade)_cl",0
"BOX_5_46","CBE","Other transects","C2b1","Mollicutes",0
"BOX_5_46","CBE","Other transects","C2b1","Nitrososphaeria",0.169276343630978
"BOX_5_46","CBE","Other transects","C2b1","Nitrospinia",0
"BOX_5_46","CBE","Other transects","C2b1","OM190",0
"BOX_5_46","CBE","Other transects","C2b1","Oligosphaeria",0
"BOX_5_46","CBE","Other transects","C2b1","Oxyphotobacteria",0
"BOX_5_46","CBE","Other transects","C2b1","Phycisphaerae",0.137537029200169
"BOX_5_46","CBE","Other transects","C2b1","Planctomycetacia",0
"BOX_5_46","CBE","Other transects","C2b1","Spirochaetia",0
"BOX_5_46","CBE","Other transects","C2b1","Thermoplasmata",0
"BOX_5_46","CBE","Other transects","C2b1","Verrucomicrobiae",9.1444491465651
"BOX_5_47","CBE","Other transects","C2b2","Acidimicrobiia",0.052531041069723
"BOX_5_47","CBE","Other transects","C2b2","Actinobacteria",0.0716332378223496
"BOX_5_47","CBE","Other transects","C2b2","Alphaproteobacteria",25.1432664756447
"BOX_5_47","CBE","Other transects","C2b2","Bacteroidia",32.3447946513849
"BOX_5_47","CBE","Other transects","C2b2","CPR2",0
"BOX_5_47","CBE","Other transects","C2b2","Campylobacteria",0
"BOX_5_47","CBE","Other transects","C2b2","Chitinivibrionia",0
"BOX_5_47","CBE","Other transects","C2b2","Clostridia",0
"BOX_5_47","CBE","Other transects","C2b2","Deltaproteobacteria",0.234001910219675
"BOX_5_47","CBE","Other transects","C2b2","Gammaproteobacteria",39.5033428844317
"BOX_5_47","CBE","Other transects","C2b2","Gracilibacteria",0
"BOX_5_47","CBE","Other transects","C2b2","Kiritimatiellae",0
"BOX_5_47","CBE","Other transects","C2b2","Lentisphaeria",0
"BOX_5_47","CBE","Other transects","C2b2","Lokiarchaeia",0
"BOX_5_47","CBE","Other transects","C2b2","Marinimicrobia_(SAR406_clade)_cl",0
"BOX_5_47","CBE","Other transects","C2b2","Mollicutes",0.391595033428844
"BOX_5_47","CBE","Other transects","C2b2","Nitrososphaeria",0
"BOX_5_47","CBE","Other transects","C2b2","Nitrospinia",0
"BOX_5_47","CBE","Other transects","C2b2","OM190",0
"BOX_5_47","CBE","Other transects","C2b2","Oligosphaeria",0
"BOX_5_47","CBE","Other transects","C2b2","Oxyphotobacteria",0
"BOX_5_47","CBE","Other transects","C2b2","Phycisphaerae",0.300859598853868
"BOX_5_47","CBE","Other transects","C2b2","Planctomycetacia",0
"BOX_5_47","CBE","Other transects","C2b2","Spirochaetia",0.133715377268386
"BOX_5_47","CBE","Other transects","C2b2","Thermoplasmata",0
"BOX_5_47","CBE","Other transects","C2b2","Verrucomicrobiae",1.82425978987584
"BOX_5_48","SLY","Other transects","A2","Acidimicrobiia",0
"BOX_5_48","SLY","Other transects","A2","Actinobacteria",0
"BOX_5_48","SLY","Other transects","A2","Alphaproteobacteria",27.1457666569683
"BOX_5_48","SLY","Other transects","A2","Bacteroidia",0
"BOX_5_48","SLY","Other transects","A2","CPR2",0
"BOX_5_48","SLY","Other transects","A2","Campylobacteria",0
"BOX_5_48","SLY","Other transects","A2","Chitinivibrionia",0
"BOX_5_48","SLY","Other transects","A2","Clostridia",0
"BOX_5_48","SLY","Other transects","A2","Deltaproteobacteria",0
"BOX_5_48","SLY","Other transects","A2","Gammaproteobacteria",72.8542333430317
"BOX_5_48","SLY","Other transects","A2","Gracilibacteria",0
"BOX_5_48","SLY","Other transects","A2","Kiritimatiellae",0
"BOX_5_48","SLY","Other transects","A2","Lentisphaeria",0
"BOX_5_48","SLY","Other transects","A2","Lokiarchaeia",0
"BOX_5_48","SLY","Other transects","A2","Marinimicrobia_(SAR406_clade)_cl",0
"BOX_5_48","SLY","Other transects","A2","Mollicutes",0
"BOX_5_48","SLY","Other transects","A2","Nitrososphaeria",0
"BOX_5_48","SLY","Other transects","A2","Nitrospinia",0
"BOX_5_48","SLY","Other transects","A2","OM190",0
"BOX_5_48","SLY","Other transects","A2","Oligosphaeria",0
"BOX_5_48","SLY","Other transects","A2","Oxyphotobacteria",0
"BOX_5_48","SLY","Other transects","A2","Phycisphaerae",0
"BOX_5_48","SLY","Other transects","A2","Planctomycetacia",0
"BOX_5_48","SLY","Other transects","A2","Spirochaetia",0
"BOX_5_48","SLY","Other transects","A2","Thermoplasmata",0
"BOX_5_48","SLY","Other transects","A2","Verrucomicrobiae",0
"BOX_5_49","CBE","Other transects","B2b","Acidimicrobiia",0
"BOX_5_49","CBE","Other transects","B2b","Actinobacteria",0
"BOX_5_49","CBE","Other transects","B2b","Alphaproteobacteria",11.5027646129542
"BOX_5_49","CBE","Other transects","B2b","Bacteroidia",28.0312006319115
"BOX_5_49","CBE","Other transects","B2b","CPR2",0
"BOX_5_49","CBE","Other transects","B2b","Campylobacteria",0
"BOX_5_49","CBE","Other transects","B2b","Chitinivibrionia",0
"BOX_5_49","CBE","Other transects","B2b","Clostridia",0
"BOX_5_49","CBE","Other transects","B2b","Deltaproteobacteria",0
"BOX_5_49","CBE","Other transects","B2b","Gammaproteobacteria",56.6054502369668
"BOX_5_49","CBE","Other transects","B2b","Gracilibacteria",0
"BOX_5_49","CBE","Other transects","B2b","Kiritimatiellae",0
"BOX_5_49","CBE","Other transects","B2b","Lentisphaeria",0
"BOX_5_49","CBE","Other transects","B2b","Lokiarchaeia",0
"BOX_5_49","CBE","Other transects","B2b","Marinimicrobia_(SAR406_clade)_cl",0
"BOX_5_49","CBE","Other transects","B2b","Mollicutes",0
"BOX_5_49","CBE","Other transects","B2b","Nitrososphaeria",0
"BOX_5_49","CBE","Other transects","B2b","Nitrospinia",0
"BOX_5_49","CBE","Other transects","B2b","OM190",0
"BOX_5_49","CBE","Other transects","B2b","Oligosphaeria",0
"BOX_5_49","CBE","Other transects","B2b","Oxyphotobacteria",0
"BOX_5_49","CBE","Other transects","B2b","Phycisphaerae",0
"BOX_5_49","CBE","Other transects","B2b","Planctomycetacia",0
"BOX_5_49","CBE","Other transects","B2b","Spirochaetia",0
"BOX_5_49","CBE","Other transects","B2b","Thermoplasmata",0
"BOX_5_49","CBE","Other transects","B2b","Verrucomicrobiae",3.86058451816746
"BOX_5_50","CBE","Other transects","A1","Acidimicrobiia",0
"BOX_5_50","CBE","Other transects","A1","Actinobacteria",0
"BOX_5_50","CBE","Other transects","A1","Alphaproteobacteria",20.5422569614069
"BOX_5_50","CBE","Other transects","A1","Bacteroidia",0
"BOX_5_50","CBE","Other transects","A1","CPR2",0
"BOX_5_50","CBE","Other transects","A1","Campylobacteria",0
"BOX_5_50","CBE","Other transects","A1","Chitinivibrionia",0
"BOX_5_50","CBE","Other transects","A1","Clostridia",0
"BOX_5_50","CBE","Other transects","A1","Deltaproteobacteria",0.4152418172936
"BOX_5_50","CBE","Other transects","A1","Gammaproteobacteria",72.5207620908647
"BOX_5_50","CBE","Other transects","A1","Gracilibacteria",0
"BOX_5_50","CBE","Other transects","A1","Kiritimatiellae",0
"BOX_5_50","CBE","Other transects","A1","Lentisphaeria",0
"BOX_5_50","CBE","Other transects","A1","Lokiarchaeia",0
"BOX_5_50","CBE","Other transects","A1","Marinimicrobia_(SAR406_clade)_cl",0
"BOX_5_50","CBE","Other transects","A1","Mollicutes",0
"BOX_5_50","CBE","Other transects","A1","Nitrososphaeria",0
"BOX_5_50","CBE","Other transects","A1","Nitrospinia",0
"BOX_5_50","CBE","Other transects","A1","OM190",0
"BOX_5_50","CBE","Other transects","A1","Oligosphaeria",0
"BOX_5_50","CBE","Other transects","A1","Oxyphotobacteria",0
"BOX_5_50","CBE","Other transects","A1","Phycisphaerae",0
"BOX_5_50","CBE","Other transects","A1","Planctomycetacia",0
"BOX_5_50","CBE","Other transects","A1","Spirochaetia",0
"BOX_5_50","CBE","Other transects","A1","Thermoplasmata",0
"BOX_5_50","CBE","Other transects","A1","Verrucomicrobiae",6.52173913043478
"BOX_5_51","CL","Other transects","B2b","Acidimicrobiia",0
"BOX_5_51","CL","Other transects","B2b","Actinobacteria",0
"BOX_5_51","CL","Other transects","B2b","Alphaproteobacteria",5.57683641279856
"BOX_5_51","CL","Other transects","B2b","Bacteroidia",39.1955835962145
"BOX_5_51","CL","Other transects","B2b","CPR2",0
"BOX_5_51","CL","Other transects","B2b","Campylobacteria",0
"BOX_5_51","CL","Other transects","B2b","Chitinivibrionia",0
"BOX_5_51","CL","Other transects","B2b","Clostridia",0
"BOX_5_51","CL","Other transects","B2b","Deltaproteobacteria",0.394321766561514
"BOX_5_51","CL","Other transects","B2b","Gammaproteobacteria",54.8332582244254
"BOX_5_51","CL","Other transects","B2b","Gracilibacteria",0
"BOX_5_51","CL","Other transects","B2b","Kiritimatiellae",0
"BOX_5_51","CL","Other transects","B2b","Lentisphaeria",0
"BOX_5_51","CL","Other transects","B2b","Lokiarchaeia",0
"BOX_5_51","CL","Other transects","B2b","Marinimicrobia_(SAR406_clade)_cl",0
"BOX_5_51","CL","Other transects","B2b","Mollicutes",0
"BOX_5_51","CL","Other transects","B2b","Nitrososphaeria",0
"BOX_5_51","CL","Other transects","B2b","Nitrospinia",0
"BOX_5_51","CL","Other transects","B2b","OM190",0
"BOX_5_51","CL","Other transects","B2b","Oligosphaeria",0
"BOX_5_51","CL","Other transects","B2b","Oxyphotobacteria",0
"BOX_5_51","CL","Other transects","B2b","Phycisphaerae",0
"BOX_5_51","CL","Other transects","B2b","Planctomycetacia",0
"BOX_5_51","CL","Other transects","B2b","Spirochaetia",0
"BOX_5_51","CL","Other transects","B2b","Thermoplasmata",0
"BOX_5_51","CL","Other transects","B2b","Verrucomicrobiae",0
"BOX_6_51","CBW","Other transects","C1b2","Acidimicrobiia",0.170390003786445
"BOX_6_51","CBW","Other transects","C1b2","Actinobacteria",0.340780007572889
"BOX_6_51","CBW","Other transects","C1b2","Alphaproteobacteria",21.7152593714502
"BOX_6_51","CBW","Other transects","C1b2","Bacteroidia",37.8644452858766
"BOX_6_51","CBW","Other transects","C1b2","CPR2",0
"BOX_6_51","CBW","Other transects","C1b2","Campylobacteria",0
"BOX_6_51","CBW","Other transects","C1b2","Chitinivibrionia",0
"BOX_6_51","CBW","Other transects","C1b2","Clostridia",0
"BOX_6_51","CBW","Other transects","C1b2","Deltaproteobacteria",0.195632967310362
"BOX_6_51","CBW","Other transects","C1b2","Gammaproteobacteria",33.3017796289284
"BOX_6_51","CBW","Other transects","C1b2","Gracilibacteria",0
"BOX_6_51","CBW","Other transects","C1b2","Kiritimatiellae",0
"BOX_6_51","CBW","Other transects","C1b2","Lentisphaeria",0
"BOX_6_51","CBW","Other transects","C1b2","Lokiarchaeia",0
"BOX_6_51","CBW","Other transects","C1b2","Marinimicrobia_(SAR406_clade)_cl",0.32815852581093
"BOX_6_51","CBW","Other transects","C1b2","Mollicutes",0.201943708191342
"BOX_6_51","CBW","Other transects","C1b2","Nitrososphaeria",0.76991038747949
"BOX_6_51","CBW","Other transects","C1b2","Nitrospinia",0.176700744667424
"BOX_6_51","CBW","Other transects","C1b2","OM190",0
"BOX_6_51","CBW","Other transects","C1b2","Oligosphaeria",0
"BOX_6_51","CBW","Other transects","C1b2","Oxyphotobacteria",0.11359333585763
"BOX_6_51","CBW","Other transects","C1b2","Phycisphaerae",0
"BOX_6_51","CBW","Other transects","C1b2","Planctomycetacia",0.542723715764231
"BOX_6_51","CBW","Other transects","C1b2","Spirochaetia",0.208254449072321
"BOX_6_51","CBW","Other transects","C1b2","Thermoplasmata",0.485927047835416
"BOX_6_51","CBW","Other transects","C1b2","Verrucomicrobiae",3.58450082039631
"BOX_6_52","CBW","Other transects","C1b2","Acidimicrobiia",0.229805814087096
"BOX_6_52","CBW","Other transects","C1b2","Actinobacteria",0.0746868895783063
"BOX_6_52","CBW","Other transects","C1b2","Alphaproteobacteria",23.3367804205446
"BOX_6_52","CBW","Other transects","C1b2","Bacteroidia",32.6324256003677
"BOX_6_52","CBW","Other transects","C1b2","CPR2",0
"BOX_6_52","CBW","Other transects","C1b2","Campylobacteria",0
"BOX_6_52","CBW","Other transects","C1b2","Chitinivibrionia",0
"BOX_6_52","CBW","Other transects","C1b2","Clostridia",0
"BOX_6_52","CBW","Other transects","C1b2","Deltaproteobacteria",0.183844651269677
"BOX_6_52","CBW","Other transects","C1b2","Gammaproteobacteria",34.9075031598299
"BOX_6_52","CBW","Other transects","C1b2","Gracilibacteria",0
"BOX_6_52","CBW","Other transects","C1b2","Kiritimatiellae",0
"BOX_6_52","CBW","Other transects","C1b2","Lentisphaeria",0
"BOX_6_52","CBW","Other transects","C1b2","Lokiarchaeia",0
"BOX_6_52","CBW","Other transects","C1b2","Marinimicrobia_(SAR406_clade)_cl",0.425140756061128
"BOX_6_52","CBW","Other transects","C1b2","Mollicutes",0.28725726760887
"BOX_6_52","CBW","Other transects","C1b2","Nitrososphaeria",1.34436401240951
"BOX_6_52","CBW","Other transects","C1b2","Nitrospinia",0.356199011834999
"BOX_6_52","CBW","Other transects","C1b2","OM190",0.126393197747903
"BOX_6_52","CBW","Other transects","C1b2","Oligosphaeria",0
"BOX_6_52","CBW","Other transects","C1b2","Oxyphotobacteria",0.413650465356774
"BOX_6_52","CBW","Other transects","C1b2","Phycisphaerae",0.270021831552338
"BOX_6_52","CBW","Other transects","C1b2","Planctomycetacia",0.499827645639435
"BOX_6_52","CBW","Other transects","C1b2","Spirochaetia",0.229805814087096
"BOX_6_52","CBW","Other transects","C1b2","Thermoplasmata",1.04561645409629
"BOX_6_52","CBW","Other transects","C1b2","Verrucomicrobiae",3.6366770079283
"BOX_6_53","CBW","Other transects","C1b2","Acidimicrobiia",0
"BOX_6_53","CBW","Other transects","C1b2","Actinobacteria",0.235701572947232
"BOX_6_53","CBW","Other transects","C1b2","Alphaproteobacteria",20.0298234643321
"BOX_6_53","CBW","Other transects","C1b2","Bacteroidia",41.1515705421136
"BOX_6_53","CBW","Other transects","C1b2","CPR2",0
"BOX_6_53","CBW","Other transects","C1b2","Campylobacteria",0
"BOX_6_53","CBW","Other transects","C1b2","Chitinivibrionia",0
"BOX_6_53","CBW","Other transects","C1b2","Clostridia",0
"BOX_6_53","CBW","Other transects","C1b2","Deltaproteobacteria",0.567607869546395
"BOX_6_53","CBW","Other transects","C1b2","Gammaproteobacteria",31.9447784886238
"BOX_6_53","CBW","Other transects","C1b2","Gracilibacteria",0
"BOX_6_53","CBW","Other transects","C1b2","Kiritimatiellae",0
"BOX_6_53","CBW","Other transects","C1b2","Lentisphaeria",0.0865842512867381
"BOX_6_53","CBW","Other transects","C1b2","Lokiarchaeia",0
"BOX_6_53","CBW","Other transects","C1b2","Marinimicrobia_(SAR406_clade)_cl",0.659002357015729
"BOX_6_53","CBW","Other transects","C1b2","Mollicutes",0.216460628216845
"BOX_6_53","CBW","Other transects","C1b2","Nitrososphaeria",1.42864014623118
"BOX_6_53","CBW","Other transects","C1b2","Nitrospinia",0.158737794025687
"BOX_6_53","CBW","Other transects","C1b2","OM190",0
"BOX_6_53","CBW","Other transects","C1b2","Oligosphaeria",0
"BOX_6_53","CBW","Other transects","C1b2","Oxyphotobacteria",0.115445668382318
"BOX_6_53","CBW","Other transects","C1b2","Phycisphaerae",0
"BOX_6_53","CBW","Other transects","C1b2","Planctomycetacia",0.418490547885901
"BOX_6_53","CBW","Other transects","C1b2","Spirochaetia",0.221270864399442
"BOX_6_53","CBW","Other transects","C1b2","Thermoplasmata",1.07749290490163
"BOX_6_53","CBW","Other transects","C1b2","Verrucomicrobiae",1.68839290009139
"BOX_6_54","CBW","Other transects","C1b2","Acidimicrobiia",0
"BOX_6_54","CBW","Other transects","C1b2","Actinobacteria",0.424508277911419
"BOX_6_54","CBW","Other transects","C1b2","Alphaproteobacteria",22.4494127635489
"BOX_6_54","CBW","Other transects","C1b2","Bacteroidia",44.7007216640724
"BOX_6_54","CBW","Other transects","C1b2","CPR2",0
"BOX_6_54","CBW","Other transects","C1b2","Campylobacteria",0
"BOX_6_54","CBW","Other transects","C1b2","Chitinivibrionia",0
"BOX_6_54","CBW","Other transects","C1b2","Clostridia",0
"BOX_6_54","CBW","Other transects","C1b2","Deltaproteobacteria",0
"BOX_6_54","CBW","Other transects","C1b2","Gammaproteobacteria",27.4939861327296
"BOX_6_54","CBW","Other transects","C1b2","Gracilibacteria",0
"BOX_6_54","CBW","Other transects","C1b2","Kiritimatiellae",0
"BOX_6_54","CBW","Other transects","C1b2","Lentisphaeria",0
"BOX_6_54","CBW","Other transects","C1b2","Lokiarchaeia",0.360832036224706
"BOX_6_54","CBW","Other transects","C1b2","Marinimicrobia_(SAR406_clade)_cl",0.374982312155087
"BOX_6_54","CBW","Other transects","C1b2","Mollicutes",0.374982312155087
"BOX_6_54","CBW","Other transects","C1b2","Nitrososphaeria",1.20277345408235
"BOX_6_54","CBW","Other transects","C1b2","Nitrospinia",0
"BOX_6_54","CBW","Other transects","C1b2","OM190",0
"BOX_6_54","CBW","Other transects","C1b2","Oligosphaeria",0
"BOX_6_54","CBW","Other transects","C1b2","Oxyphotobacteria",0
"BOX_6_54","CBW","Other transects","C1b2","Phycisphaerae",0
"BOX_6_54","CBW","Other transects","C1b2","Planctomycetacia",0.233479552851281
"BOX_6_54","CBW","Other transects","C1b2","Spirochaetia",0
"BOX_6_54","CBW","Other transects","C1b2","Thermoplasmata",0.636762416867129
"BOX_6_54","CBW","Other transects","C1b2","Verrucomicrobiae",1.74755907740201
"BOX_6_55","CBW","Other transects","C1b1","Acidimicrobiia",0
"BOX_6_55","CBW","Other transects","C1b1","Actinobacteria",0.199422362811168
"BOX_6_55","CBW","Other transects","C1b1","Alphaproteobacteria",34.3281529363224
"BOX_6_55","CBW","Other transects","C1b1","Bacteroidia",42.9170678036033
"BOX_6_55","CBW","Other transects","C1b1","CPR2",0
"BOX_6_55","CBW","Other transects","C1b1","Campylobacteria",0
"BOX_6_55","CBW","Other transects","C1b1","Chitinivibrionia",0
"BOX_6_55","CBW","Other transects","C1b1","Clostridia",0
"BOX_6_55","CBW","Other transects","C1b1","Deltaproteobacteria",0
"BOX_6_55","CBW","Other transects","C1b1","Gammaproteobacteria",21.5376151836061
"BOX_6_55","CBW","Other transects","C1b1","Gracilibacteria",0
"BOX_6_55","CBW","Other transects","C1b1","Kiritimatiellae",0
"BOX_6_55","CBW","Other transects","C1b1","Lentisphaeria",0
"BOX_6_55","CBW","Other transects","C1b1","Lokiarchaeia",0
"BOX_6_55","CBW","Other transects","C1b1","Marinimicrobia_(SAR406_clade)_cl",0
"BOX_6_55","CBW","Other transects","C1b1","Mollicutes",0.261312061614633
"BOX_6_55","CBW","Other transects","C1b1","Nitrososphaeria",0
"BOX_6_55","CBW","Other transects","C1b1","Nitrospinia",0
"BOX_6_55","CBW","Other transects","C1b1","OM190",0
"BOX_6_55","CBW","Other transects","C1b1","Oligosphaeria",0
"BOX_6_55","CBW","Other transects","C1b1","Oxyphotobacteria",0
"BOX_6_55","CBW","Other transects","C1b1","Phycisphaerae",0
"BOX_6_55","CBW","Other transects","C1b1","Planctomycetacia",0
"BOX_6_55","CBW","Other transects","C1b1","Spirochaetia",0.75642965204236
"BOX_6_55","CBW","Other transects","C1b1","Thermoplasmata",0
"BOX_6_55","CBW","Other transects","C1b1","Verrucomicrobiae",0
"BOX_6_56","CBW","Other transects","C1b2","Acidimicrobiia",0
"BOX_6_56","CBW","Other transects","C1b2","Actinobacteria",0
"BOX_6_56","CBW","Other transects","C1b2","Alphaproteobacteria",16.448362720403
"BOX_6_56","CBW","Other transects","C1b2","Bacteroidia",47.7413937867338
"BOX_6_56","CBW","Other transects","C1b2","CPR2",0
"BOX_6_56","CBW","Other transects","C1b2","Campylobacteria",0
"BOX_6_56","CBW","Other transects","C1b2","Chitinivibrionia",0
"BOX_6_56","CBW","Other transects","C1b2","Clostridia",0
"BOX_6_56","CBW","Other transects","C1b2","Deltaproteobacteria",0
"BOX_6_56","CBW","Other transects","C1b2","Gammaproteobacteria",33.6985726280436
"BOX_6_56","CBW","Other transects","C1b2","Gracilibacteria",0
"BOX_6_56","CBW","Other transects","C1b2","Kiritimatiellae",0
"BOX_6_56","CBW","Other transects","C1b2","Lentisphaeria",0
"BOX_6_56","CBW","Other transects","C1b2","Lokiarchaeia",0.432409739714526
"BOX_6_56","CBW","Other transects","C1b2","Marinimicrobia_(SAR406_clade)_cl",0.19311502938707
"BOX_6_56","CBW","Other transects","C1b2","Mollicutes",0
"BOX_6_56","CBW","Other transects","C1b2","Nitrososphaeria",0.675902602854744
"BOX_6_56","CBW","Other transects","C1b2","Nitrospinia",0
"BOX_6_56","CBW","Other transects","C1b2","OM190",0
"BOX_6_56","CBW","Other transects","C1b2","Oligosphaeria",0
"BOX_6_56","CBW","Other transects","C1b2","Oxyphotobacteria",0
"BOX_6_56","CBW","Other transects","C1b2","Phycisphaerae",0
"BOX_6_56","CBW","Other transects","C1b2","Planctomycetacia",0
"BOX_6_56","CBW","Other transects","C1b2","Spirochaetia",0
"BOX_6_56","CBW","Other transects","C1b2","Thermoplasmata",0
"BOX_6_56","CBW","Other transects","C1b2","Verrucomicrobiae",0.81024349286314
"BOX_6_57","CBW","Other transects","C1b2","Acidimicrobiia",0
"BOX_6_57","CBW","Other transects","C1b2","Actinobacteria",0
"BOX_6_57","CBW","Other transects","C1b2","Alphaproteobacteria",18.2581322140609
"BOX_6_57","CBW","Other transects","C1b2","Bacteroidia",38.9063775212778
"BOX_6_57","CBW","Other transects","C1b2","CPR2",0
"BOX_6_57","CBW","Other transects","C1b2","Campylobacteria",0
"BOX_6_57","CBW","Other transects","C1b2","Chitinivibrionia",0
"BOX_6_57","CBW","Other transects","C1b2","Clostridia",0
"BOX_6_57","CBW","Other transects","C1b2","Deltaproteobacteria",0
"BOX_6_57","CBW","Other transects","C1b2","Gammaproteobacteria",37.425673312347
"BOX_6_57","CBW","Other transects","C1b2","Gracilibacteria",0
"BOX_6_57","CBW","Other transects","C1b2","Kiritimatiellae",0
"BOX_6_57","CBW","Other transects","C1b2","Lentisphaeria",0.104931794333683
"BOX_6_57","CBW","Other transects","C1b2","Lokiarchaeia",1.212545178967
"BOX_6_57","CBW","Other transects","C1b2","Marinimicrobia_(SAR406_clade)_cl",0
"BOX_6_57","CBW","Other transects","C1b2","Mollicutes",0
"BOX_6_57","CBW","Other transects","C1b2","Nitrososphaeria",1.43406785589367
"BOX_6_57","CBW","Other transects","C1b2","Nitrospinia",0
"BOX_6_57","CBW","Other transects","C1b2","OM190",0.0816136178150869
"BOX_6_57","CBW","Other transects","C1b2","Oligosphaeria",0
"BOX_6_57","CBW","Other transects","C1b2","Oxyphotobacteria",0
"BOX_6_57","CBW","Other transects","C1b2","Phycisphaerae",0.268159029963857
"BOX_6_57","CBW","Other transects","C1b2","Planctomycetacia",0
"BOX_6_57","CBW","Other transects","C1b2","Spirochaetia",0
"BOX_6_57","CBW","Other transects","C1b2","Thermoplasmata",0
"BOX_6_57","CBW","Other transects","C1b2","Verrucomicrobiae",2.30849947534103
"BOX_6_58","DBO1","Other transects","C1b1","Acidimicrobiia",0
"BOX_6_58","DBO1","Other transects","C1b1","Actinobacteria",0.516087412305459
"BOX_6_58","DBO1","Other transects","C1b1","Alphaproteobacteria",38.0937021207967
"BOX_6_58","DBO1","Other transects","C1b1","Bacteroidia",33.9972582856221
"BOX_6_58","DBO1","Other transects","C1b1","CPR2",0
"BOX_6_58","DBO1","Other transects","C1b1","Campylobacteria",0
"BOX_6_58","DBO1","Other transects","C1b1","Chitinivibrionia",0
"BOX_6_58","DBO1","Other transects","C1b1","Clostridia",0
"BOX_6_58","DBO1","Other transects","C1b1","Deltaproteobacteria",0
"BOX_6_58","DBO1","Other transects","C1b1","Gammaproteobacteria",25.747923554552
"BOX_6_58","DBO1","Other transects","C1b1","Gracilibacteria",0
"BOX_6_58","DBO1","Other transects","C1b1","Kiritimatiellae",0
"BOX_6_58","DBO1","Other transects","C1b1","Lentisphaeria",0
"BOX_6_58","DBO1","Other transects","C1b1","Lokiarchaeia",0
"BOX_6_58","DBO1","Other transects","C1b1","Marinimicrobia_(SAR406_clade)_cl",0
"BOX_6_58","DBO1","Other transects","C1b1","Mollicutes",0.185468913797274
"BOX_6_58","DBO1","Other transects","C1b1","Nitrososphaeria",0
"BOX_6_58","DBO1","Other transects","C1b1","Nitrospinia",0
"BOX_6_58","DBO1","Other transects","C1b1","OM190",0
"BOX_6_58","DBO1","Other transects","C1b1","Oligosphaeria",0
"BOX_6_58","DBO1","Other transects","C1b1","Oxyphotobacteria",0
"BOX_6_58","DBO1","Other transects","C1b1","Phycisphaerae",0.112894121441819
"BOX_6_58","DBO1","Other transects","C1b1","Planctomycetacia",0
"BOX_6_58","DBO1","Other transects","C1b1","Spirochaetia",0.298363035239094
"BOX_6_58","DBO1","Other transects","C1b1","Thermoplasmata",0
"BOX_6_58","DBO1","Other transects","C1b1","Verrucomicrobiae",1.04830255624546
"BOX_6_59","DBO1","Other transects","C2b2","Acidimicrobiia",0
"BOX_6_59","DBO1","Other transects","C2b2","Actinobacteria",0
"BOX_6_59","DBO1","Other transects","C2b2","Alphaproteobacteria",17.8470602675832
"BOX_6_59","DBO1","Other transects","C2b2","Bacteroidia",34.6753406161777
"BOX_6_59","DBO1","Other transects","C2b2","CPR2",0
"BOX_6_59","DBO1","Other transects","C2b2","Campylobacteria",0
"BOX_6_59","DBO1","Other transects","C2b2","Chitinivibrionia",0
"BOX_6_59","DBO1","Other transects","C2b2","Clostridia",0
"BOX_6_59","DBO1","Other transects","C2b2","Deltaproteobacteria",1.05560328955444
"BOX_6_59","DBO1","Other transects","C2b2","Gammaproteobacteria",40.9598625260832
"BOX_6_59","DBO1","Other transects","C2b2","Gracilibacteria",0
"BOX_6_59","DBO1","Other transects","C2b2","Kiritimatiellae",0
"BOX_6_59","DBO1","Other transects","C2b2","Lentisphaeria",0
"BOX_6_59","DBO1","Other transects","C2b2","Lokiarchaeia",0.380508162513809
"BOX_6_59","DBO1","Other transects","C2b2","Marinimicrobia_(SAR406_clade)_cl",0
"BOX_6_59","DBO1","Other transects","C2b2","Mollicutes",0
"BOX_6_59","DBO1","Other transects","C2b2","Nitrososphaeria",0
"BOX_6_59","DBO1","Other transects","C2b2","Nitrospinia",0
"BOX_6_59","DBO1","Other transects","C2b2","OM190",0.233214680250399
"BOX_6_59","DBO1","Other transects","C2b2","Oligosphaeria",0
"BOX_6_59","DBO1","Other transects","C2b2","Oxyphotobacteria",0
"BOX_6_59","DBO1","Other transects","C2b2","Phycisphaerae",1.50975819319995
"BOX_6_59","DBO1","Other transects","C2b2","Planctomycetacia",0
"BOX_6_59","DBO1","Other transects","C2b2","Spirochaetia",0.613722842764208
"BOX_6_59","DBO1","Other transects","C2b2","Thermoplasmata",0
"BOX_6_59","DBO1","Other transects","C2b2","Verrucomicrobiae",2.72492942187308
"BOX_6_60","DBO1","Other transects","C1b2","Acidimicrobiia",1.81500872600349
"BOX_6_60","DBO1","Other transects","C1b2","Actinobacteria",0
"BOX_6_60","DBO1","Other transects","C1b2","Alphaproteobacteria",21.5706806282722
"BOX_6_60","DBO1","Other transects","C1b2","Bacteroidia",33.9383362420012
"BOX_6_60","DBO1","Other transects","C1b2","CPR2",0
"BOX_6_60","DBO1","Other transects","C1b2","Campylobacteria",0
"BOX_6_60","DBO1","Other transects","C1b2","Chitinivibrionia",0
"BOX_6_60","DBO1","Other transects","C1b2","Clostridia",0
"BOX_6_60","DBO1","Other transects","C1b2","Deltaproteobacteria",1.23327515997673
"BOX_6_60","DBO1","Other transects","C1b2","Gammaproteobacteria",33.7638161721931
"BOX_6_60","DBO1","Other transects","C1b2","Gracilibacteria",0
"BOX_6_60","DBO1","Other transects","C1b2","Kiritimatiellae",0
"BOX_6_60","DBO1","Other transects","C1b2","Lentisphaeria",0
"BOX_6_60","DBO1","Other transects","C1b2","Lokiarchaeia",0.383944153577661
"BOX_6_60","DBO1","Other transects","C1b2","Marinimicrobia_(SAR406_clade)_cl",0.232693426410704
"BOX_6_60","DBO1","Other transects","C1b2","Mollicutes",0
"BOX_6_60","DBO1","Other transects","C1b2","Nitrososphaeria",1.67539267015707
"BOX_6_60","DBO1","Other transects","C1b2","Nitrospinia",0.732984293193717
"BOX_6_60","DBO1","Other transects","C1b2","OM190",0
"BOX_6_60","DBO1","Other transects","C1b2","Oligosphaeria",0
"BOX_6_60","DBO1","Other transects","C1b2","Oxyphotobacteria",0
"BOX_6_60","DBO1","Other transects","C1b2","Phycisphaerae",0.558464223385689
"BOX_6_60","DBO1","Other transects","C1b2","Planctomycetacia",0.6282722513089
"BOX_6_60","DBO1","Other transects","C1b2","Spirochaetia",0
"BOX_6_60","DBO1","Other transects","C1b2","Thermoplasmata",0
"BOX_6_60","DBO1","Other transects","C1b2","Verrucomicrobiae",3.46713205351949
"BOX_6_61","DBO2","Other transects","C1b1","Acidimicrobiia",0.108948285880302
"BOX_6_61","DBO2","Other transects","C1b1","Actinobacteria",0
"BOX_6_61","DBO2","Other transects","C1b1","Alphaproteobacteria",28.59529343405
"BOX_6_61","DBO2","Other transects","C1b1","Bacteroidia",35.923881464265
"BOX_6_61","DBO2","Other transects","C1b1","CPR2",0
"BOX_6_61","DBO2","Other transects","C1b1","Campylobacteria",0
"BOX_6_61","DBO2","Other transects","C1b1","Chitinivibrionia",0
"BOX_6_61","DBO2","Other transects","C1b1","Clostridia",0
"BOX_6_61","DBO2","Other transects","C1b1","Deltaproteobacteria",0
"BOX_6_61","DBO2","Other transects","C1b1","Gammaproteobacteria",34.5438698431145
"BOX_6_61","DBO2","Other transects","C1b1","Gracilibacteria",0
"BOX_6_61","DBO2","Other transects","C1b1","Kiritimatiellae",0
"BOX_6_61","DBO2","Other transects","C1b1","Lentisphaeria",0
"BOX_6_61","DBO2","Other transects","C1b1","Lokiarchaeia",0
"BOX_6_61","DBO2","Other transects","C1b1","Marinimicrobia_(SAR406_clade)_cl",0
"BOX_6_61","DBO2","Other transects","C1b1","Mollicutes",0.246949447995352
"BOX_6_61","DBO2","Other transects","C1b1","Nitrososphaeria",0
"BOX_6_61","DBO2","Other transects","C1b1","Nitrospinia",0
"BOX_6_61","DBO2","Other transects","C1b1","OM190",0
"BOX_6_61","DBO2","Other transects","C1b1","Oligosphaeria",0
"BOX_6_61","DBO2","Other transects","C1b1","Oxyphotobacteria",0
"BOX_6_61","DBO2","Other transects","C1b1","Phycisphaerae",0
"BOX_6_61","DBO2","Other transects","C1b1","Planctomycetacia",0
"BOX_6_61","DBO2","Other transects","C1b1","Spirochaetia",0
"BOX_6_61","DBO2","Other transects","C1b1","Thermoplasmata",0
"BOX_6_61","DBO2","Other transects","C1b1","Verrucomicrobiae",0.581057524694945
"BOX_6_62","DBO2","Other transects","C2b2","Acidimicrobiia",0.417827298050139
"BOX_6_62","DBO2","Other transects","C2b2","Actinobacteria",0
"BOX_6_62","DBO2","Other transects","C2b2","Alphaproteobacteria",15.9429788628543
"BOX_6_62","DBO2","Other transects","C2b2","Bacteroidia",31.7139111912174
"BOX_6_62","DBO2","Other transects","C2b2","CPR2",0
"BOX_6_62","DBO2","Other transects","C2b2","Campylobacteria",0
"BOX_6_62","DBO2","Other transects","C2b2","Chitinivibrionia",0
"BOX_6_62","DBO2","Other transects","C2b2","Clostridia",0
"BOX_6_62","DBO2","Other transects","C2b2","Deltaproteobacteria",0.213009995084385
"BOX_6_62","DBO2","Other transects","C2b2","Gammaproteobacteria",32.7789611666394
"BOX_6_62","DBO2","Other transects","C2b2","Gracilibacteria",0
"BOX_6_62","DBO2","Other transects","C2b2","Kiritimatiellae",0
"BOX_6_62","DBO2","Other transects","C2b2","Lentisphaeria",0.475176142880551
"BOX_6_62","DBO2","Other transects","C2b2","Lokiarchaeia",0.671800753727675
"BOX_6_62","DBO2","Other transects","C2b2","Marinimicrobia_(SAR406_clade)_cl",0
"BOX_6_62","DBO2","Other transects","C2b2","Mollicutes",0
"BOX_6_62","DBO2","Other transects","C2b2","Nitrososphaeria",0
"BOX_6_62","DBO2","Other transects","C2b2","Nitrospinia",0
"BOX_6_62","DBO2","Other transects","C2b2","OM190",0
"BOX_6_62","DBO2","Other transects","C2b2","Oligosphaeria",0
"BOX_6_62","DBO2","Other transects","C2b2","Oxyphotobacteria",0
"BOX_6_62","DBO2","Other transects","C2b2","Phycisphaerae",0.262166147796166
"BOX_6_62","DBO2","Other transects","C2b2","Planctomycetacia",0
"BOX_6_62","DBO2","Other transects","C2b2","Spirochaetia",0
"BOX_6_62","DBO2","Other transects","C2b2","Thermoplasmata",0
"BOX_6_62","DBO2","Other transects","C2b2","Verrucomicrobiae",17.52416844175
"BOX_6_63","DBO2","Other transects","C2b2","Acidimicrobiia",0.289017341040462
"BOX_6_63","DBO2","Other transects","C2b2","Actinobacteria",0
"BOX_6_63","DBO2","Other transects","C2b2","Alphaproteobacteria",23.1123554913295
"BOX_6_63","DBO2","Other transects","C2b2","Bacteroidia",34.9710982658959
"BOX_6_63","DBO2","Other transects","C2b2","CPR2",0
"BOX_6_63","DBO2","Other transects","C2b2","Campylobacteria",0
"BOX_6_63","DBO2","Other transects","C2b2","Chitinivibrionia",0
"BOX_6_63","DBO2","Other transects","C2b2","Clostridia",0
"BOX_6_63","DBO2","Other transects","C2b2","Deltaproteobacteria",0.451589595375723
"BOX_6_63","DBO2","Other transects","C2b2","Gammaproteobacteria",38.6018786127168
"BOX_6_63","DBO2","Other transects","C2b2","Gracilibacteria",0
"BOX_6_63","DBO2","Other transects","C2b2","Kiritimatiellae",0
"BOX_6_63","DBO2","Other transects","C2b2","Lentisphaeria",0
"BOX_6_63","DBO2","Other transects","C2b2","Lokiarchaeia",0
"BOX_6_63","DBO2","Other transects","C2b2","Marinimicrobia_(SAR406_clade)_cl",0
"BOX_6_63","DBO2","Other transects","C2b2","Mollicutes",0.415462427745665
"BOX_6_63","DBO2","Other transects","C2b2","Nitrososphaeria",0
"BOX_6_63","DBO2","Other transects","C2b2","Nitrospinia",0
"BOX_6_63","DBO2","Other transects","C2b2","OM190",0
"BOX_6_63","DBO2","Other transects","C2b2","Oligosphaeria",0
"BOX_6_63","DBO2","Other transects","C2b2","Oxyphotobacteria",0
"BOX_6_63","DBO2","Other transects","C2b2","Phycisphaerae",0
"BOX_6_63","DBO2","Other transects","C2b2","Planctomycetacia",0
"BOX_6_63","DBO2","Other transects","C2b2","Spirochaetia",0.24385838150289
"BOX_6_63","DBO2","Other transects","C2b2","Thermoplasmata",0
"BOX_6_63","DBO2","Other transects","C2b2","Verrucomicrobiae",1.91473988439306
"BOX_6_64","CBE","Other transects","C2a","Acidimicrobiia",0
"BOX_6_64","CBE","Other transects","C2a","Actinobacteria",1.88009063629126
"BOX_6_64","CBE","Other transects","C2a","Alphaproteobacteria",37.4670831036806
"BOX_6_64","CBE","Other transects","C2a","Bacteroidia",28.4095780513197
"BOX_6_64","CBE","Other transects","C2a","CPR2",0
"BOX_6_64","CBE","Other transects","C2a","Campylobacteria",0
"BOX_6_64","CBE","Other transects","C2a","Chitinivibrionia",0
"BOX_6_64","CBE","Other transects","C2a","Clostridia",0
"BOX_6_64","CBE","Other transects","C2a","Deltaproteobacteria",0.342948129095474
"BOX_6_64","CBE","Other transects","C2a","Gammaproteobacteria",29.040357645906
"BOX_6_64","CBE","Other transects","C2a","Gracilibacteria",0
"BOX_6_64","CBE","Other transects","C2a","Kiritimatiellae",0
"BOX_6_64","CBE","Other transects","C2a","Lentisphaeria",0
"BOX_6_64","CBE","Other transects","C2a","Lokiarchaeia",0
"BOX_6_64","CBE","Other transects","C2a","Marinimicrobia_(SAR406_clade)_cl",0
"BOX_6_64","CBE","Other transects","C2a","Mollicutes",0
"BOX_6_64","CBE","Other transects","C2a","Nitrososphaeria",0
"BOX_6_64","CBE","Other transects","C2a","Nitrospinia",0
"BOX_6_64","CBE","Other transects","C2a","OM190",0
"BOX_6_64","CBE","Other transects","C2a","Oligosphaeria",0
"BOX_6_64","CBE","Other transects","C2a","Oxyphotobacteria",0.153101843346194
"BOX_6_64","CBE","Other transects","C2a","Phycisphaerae",0.508298119909364
"BOX_6_64","CBE","Other transects","C2a","Planctomycetacia",0
"BOX_6_64","CBE","Other transects","C2a","Spirochaetia",0.238838875620062
"BOX_6_64","CBE","Other transects","C2a","Thermoplasmata",0
"BOX_6_64","CBE","Other transects","C2a","Verrucomicrobiae",1.95970359483128
"BOX_6_66","CBE","Other transects","B2b","Acidimicrobiia",0
"BOX_6_66","CBE","Other transects","B2b","Actinobacteria",0
"BOX_6_66","CBE","Other transects","B2b","Alphaproteobacteria",33.8156819383684
"BOX_6_66","CBE","Other transects","B2b","Bacteroidia",26.7102543146964
"BOX_6_66","CBE","Other transects","B2b","CPR2",0
"BOX_6_66","CBE","Other transects","B2b","Campylobacteria",0
"BOX_6_66","CBE","Other transects","B2b","Chitinivibrionia",0
"BOX_6_66","CBE","Other transects","B2b","Clostridia",0
"BOX_6_66","CBE","Other transects","B2b","Deltaproteobacteria",0
"BOX_6_66","CBE","Other transects","B2b","Gammaproteobacteria",37.25782414307
"BOX_6_66","CBE","Other transects","B2b","Gracilibacteria",0
"BOX_6_66","CBE","Other transects","B2b","Kiritimatiellae",0
"BOX_6_66","CBE","Other transects","B2b","Lentisphaeria",0
"BOX_6_66","CBE","Other transects","B2b","Lokiarchaeia",0
"BOX_6_66","CBE","Other transects","B2b","Marinimicrobia_(SAR406_clade)_cl",0
"BOX_6_66","CBE","Other transects","B2b","Mollicutes",0
"BOX_6_66","CBE","Other transects","B2b","Nitrososphaeria",0
"BOX_6_66","CBE","Other transects","B2b","Nitrospinia",0
"BOX_6_66","CBE","Other transects","B2b","OM190",0
"BOX_6_66","CBE","Other transects","B2b","Oligosphaeria",0
"BOX_6_66","CBE","Other transects","B2b","Oxyphotobacteria",0
"BOX_6_66","CBE","Other transects","B2b","Phycisphaerae",0
"BOX_6_66","CBE","Other transects","B2b","Planctomycetacia",0
"BOX_6_66","CBE","Other transects","B2b","Spirochaetia",0
"BOX_6_66","CBE","Other transects","B2b","Thermoplasmata",0
"BOX_6_66","CBE","Other transects","B2b","Verrucomicrobiae",2.2162396038652
"BOX_6_67","CBE","Other transects","B2b","Acidimicrobiia",0
"BOX_6_67","CBE","Other transects","B2b","Actinobacteria",0
"BOX_6_67","CBE","Other transects","B2b","Alphaproteobacteria",20.8824624550081
"BOX_6_67","CBE","Other transects","B2b","Bacteroidia",28.1494352736751
"BOX_6_67","CBE","Other transects","B2b","CPR2",0
"BOX_6_67","CBE","Other transects","B2b","Campylobacteria",0
"BOX_6_67","CBE","Other transects","B2b","Chitinivibrionia",0
"BOX_6_67","CBE","Other transects","B2b","Clostridia",0
"BOX_6_67","CBE","Other transects","B2b","Deltaproteobacteria",0.949484919945389
"BOX_6_67","CBE","Other transects","B2b","Gammaproteobacteria",40.8526746928137
"BOX_6_67","CBE","Other transects","B2b","Gracilibacteria",0
"BOX_6_67","CBE","Other transects","B2b","Kiritimatiellae",0
"BOX_6_67","CBE","Other transects","B2b","Lentisphaeria",0
"BOX_6_67","CBE","Other transects","B2b","Lokiarchaeia",0
"BOX_6_67","CBE","Other transects","B2b","Marinimicrobia_(SAR406_clade)_cl",0
"BOX_6_67","CBE","Other transects","B2b","Mollicutes",0
"BOX_6_67","CBE","Other transects","B2b","Nitrososphaeria",0
"BOX_6_67","CBE","Other transects","B2b","Nitrospinia",0
"BOX_6_67","CBE","Other transects","B2b","OM190",0
"BOX_6_67","CBE","Other transects","B2b","Oligosphaeria",0
"BOX_6_67","CBE","Other transects","B2b","Oxyphotobacteria",0
"BOX_6_67","CBE","Other transects","B2b","Phycisphaerae",0
"BOX_6_67","CBE","Other transects","B2b","Planctomycetacia",0
"BOX_6_67","CBE","Other transects","B2b","Spirochaetia",0
"BOX_6_67","CBE","Other transects","B2b","Thermoplasmata",0
"BOX_6_67","CBE","Other transects","B2b","Verrucomicrobiae",9.16594265855777
"BOX_6_68","CBE","Other transects","B2b","Acidimicrobiia",0
"BOX_6_68","CBE","Other transects","B2b","Actinobacteria",0
"BOX_6_68","CBE","Other transects","B2b","Alphaproteobacteria",15.6039661286821
"BOX_6_68","CBE","Other transects","B2b","Bacteroidia",32.8435984656582
"BOX_6_68","CBE","Other transects","B2b","CPR2",0.115799377578346
"BOX_6_68","CBE","Other transects","B2b","Campylobacteria",0
"BOX_6_68","CBE","Other transects","B2b","Chitinivibrionia",0
"BOX_6_68","CBE","Other transects","B2b","Clostridia",0
"BOX_6_68","CBE","Other transects","B2b","Deltaproteobacteria",0.31844828834045
"BOX_6_68","CBE","Other transects","B2b","Gammaproteobacteria",43.764927263516
"BOX_6_68","CBE","Other transects","B2b","Gracilibacteria",0
"BOX_6_68","CBE","Other transects","B2b","Kiritimatiellae",0
"BOX_6_68","CBE","Other transects","B2b","Lentisphaeria",0
"BOX_6_68","CBE","Other transects","B2b","Lokiarchaeia",0
"BOX_6_68","CBE","Other transects","B2b","Marinimicrobia_(SAR406_clade)_cl",0
"BOX_6_68","CBE","Other transects","B2b","Mollicutes",0
"BOX_6_68","CBE","Other transects","B2b","Nitrososphaeria",0
"BOX_6_68","CBE","Other transects","B2b","Nitrospinia",0
"BOX_6_68","CBE","Other transects","B2b","OM190",0
"BOX_6_68","CBE","Other transects","B2b","Oligosphaeria",0
"BOX_6_68","CBE","Other transects","B2b","Oxyphotobacteria",0
"BOX_6_68","CBE","Other transects","B2b","Phycisphaerae",0
"BOX_6_68","CBE","Other transects","B2b","Planctomycetacia",0
"BOX_6_68","CBE","Other transects","B2b","Spirochaetia",0
"BOX_6_68","CBE","Other transects","B2b","Thermoplasmata",0
"BOX_6_68","CBE","Other transects","B2b","Verrucomicrobiae",7.35326047622494
"BOX_6_69","SLY","Other transects","A2","Acidimicrobiia",0
"BOX_6_69","SLY","Other transects","A2","Actinobacteria",0.117794301700655
"BOX_6_69","SLY","Other transects","A2","Alphaproteobacteria",32.0474122064345
"BOX_6_69","SLY","Other transects","A2","Bacteroidia",3.04056541264816
"BOX_6_69","SLY","Other transects","A2","CPR2",0
"BOX_6_69","SLY","Other transects","A2","Campylobacteria",0
"BOX_6_69","SLY","Other transects","A2","Chitinivibrionia",0
"BOX_6_69","SLY","Other transects","A2","Clostridia",0
"BOX_6_69","SLY","Other transects","A2","Deltaproteobacteria",1.45770448354561
"BOX_6_69","SLY","Other transects","A2","Gammaproteobacteria",57.6382242509019
"BOX_6_69","SLY","Other transects","A2","Gracilibacteria",0
"BOX_6_69","SLY","Other transects","A2","Kiritimatiellae",0
"BOX_6_69","SLY","Other transects","A2","Lentisphaeria",0
"BOX_6_69","SLY","Other transects","A2","Lokiarchaeia",0
"BOX_6_69","SLY","Other transects","A2","Marinimicrobia_(SAR406_clade)_cl",0
"BOX_6_69","SLY","Other transects","A2","Mollicutes",0
"BOX_6_69","SLY","Other transects","A2","Nitrososphaeria",0
"BOX_6_69","SLY","Other transects","A2","Nitrospinia",0
"BOX_6_69","SLY","Other transects","A2","OM190",0
"BOX_6_69","SLY","Other transects","A2","Oligosphaeria",0
"BOX_6_69","SLY","Other transects","A2","Oxyphotobacteria",0
"BOX_6_69","SLY","Other transects","A2","Phycisphaerae",0
"BOX_6_69","SLY","Other transects","A2","Planctomycetacia",0
"BOX_6_69","SLY","Other transects","A2","Spirochaetia",0
"BOX_6_69","SLY","Other transects","A2","Thermoplasmata",0
"BOX_6_69","SLY","Other transects","A2","Verrucomicrobiae",5.6982993447692
"BOX_6_70","SLY","Other transects","A2","Acidimicrobiia",0
"BOX_6_70","SLY","Other transects","A2","Actinobacteria",0
"BOX_6_70","SLY","Other transects","A2","Alphaproteobacteria",31.0707025073413
"BOX_6_70","SLY","Other transects","A2","Bacteroidia",4.70973571267224
"BOX_6_70","SLY","Other transects","A2","CPR2",0
"BOX_6_70","SLY","Other transects","A2","Campylobacteria",0
"BOX_6_70","SLY","Other transects","A2","Chitinivibrionia",0
"BOX_6_70","SLY","Other transects","A2","Clostridia",0
"BOX_6_70","SLY","Other transects","A2","Deltaproteobacteria",1.21978766659137
"BOX_6_70","SLY","Other transects","A2","Gammaproteobacteria",56.1779986446804
"BOX_6_70","SLY","Other transects","A2","Gracilibacteria",0
"BOX_6_70","SLY","Other transects","A2","Kiritimatiellae",0
"BOX_6_70","SLY","Other transects","A2","Lentisphaeria",0
"BOX_6_70","SLY","Other transects","A2","Lokiarchaeia",0
"BOX_6_70","SLY","Other transects","A2","Marinimicrobia_(SAR406_clade)_cl",0
"BOX_6_70","SLY","Other transects","A2","Mollicutes",0
"BOX_6_70","SLY","Other transects","A2","Nitrososphaeria",0
"BOX_6_70","SLY","Other transects","A2","Nitrospinia",0
"BOX_6_70","SLY","Other transects","A2","OM190",0
"BOX_6_70","SLY","Other transects","A2","Oligosphaeria",0
"BOX_6_70","SLY","Other transects","A2","Oxyphotobacteria",0
"BOX_6_70","SLY","Other transects","A2","Phycisphaerae",0
"BOX_6_70","SLY","Other transects","A2","Planctomycetacia",0
"BOX_6_70","SLY","Other transects","A2","Spirochaetia",0
"BOX_6_70","SLY","Other transects","A2","Thermoplasmata",0
"BOX_6_70","SLY","Other transects","A2","Verrucomicrobiae",6.8217754687147
"BOX_6_71","SLY","Other transects","B2a","Acidimicrobiia",0
"BOX_6_71","SLY","Other transects","B2a","Actinobacteria",0
"BOX_6_71","SLY","Other transects","B2a","Alphaproteobacteria",30.159720489144
"BOX_6_71","SLY","Other transects","B2a","Bacteroidia",21.2939855253307
"BOX_6_71","SLY","Other transects","B2a","CPR2",0
"BOX_6_71","SLY","Other transects","B2a","Campylobacteria",0
"BOX_6_71","SLY","Other transects","B2a","Chitinivibrionia",0
"BOX_6_71","SLY","Other transects","B2a","Clostridia",0
"BOX_6_71","SLY","Other transects","B2a","Deltaproteobacteria",0.517843773396556
"BOX_6_71","SLY","Other transects","B2a","Gammaproteobacteria",43.8669827801348
"BOX_6_71","SLY","Other transects","B2a","Gracilibacteria",0
"BOX_6_71","SLY","Other transects","B2a","Kiritimatiellae",0
"BOX_6_71","SLY","Other transects","B2a","Lentisphaeria",0
"BOX_6_71","SLY","Other transects","B2a","Lokiarchaeia",0
"BOX_6_71","SLY","Other transects","B2a","Marinimicrobia_(SAR406_clade)_cl",0.0249563264287497
"BOX_6_71","SLY","Other transects","B2a","Mollicutes",0
"BOX_6_71","SLY","Other transects","B2a","Nitrososphaeria",0
"BOX_6_71","SLY","Other transects","B2a","Nitrospinia",0
"BOX_6_71","SLY","Other transects","B2a","OM190",0
"BOX_6_71","SLY","Other transects","B2a","Oligosphaeria",0
"BOX_6_71","SLY","Other transects","B2a","Oxyphotobacteria",0
"BOX_6_71","SLY","Other transects","B2a","Phycisphaerae",0
"BOX_6_71","SLY","Other transects","B2a","Planctomycetacia",0
"BOX_6_71","SLY","Other transects","B2a","Spirochaetia",0
"BOX_6_71","SLY","Other transects","B2a","Thermoplasmata",0
"BOX_6_71","SLY","Other transects","B2a","Verrucomicrobiae",4.13651110556526
"BOX_7_48","CPL","Other transects","C1b1","Acidimicrobiia",0
"BOX_7_48","CPL","Other transects","C1b1","Actinobacteria",0
"BOX_7_48","CPL","Other transects","C1b1","Alphaproteobacteria",17.6429567642957
"BOX_7_48","CPL","Other transects","C1b1","Bacteroidia",35.7275685727569
"BOX_7_48","CPL","Other transects","C1b1","CPR2",0
"BOX_7_48","CPL","Other transects","C1b1","Campylobacteria",0
"BOX_7_48","CPL","Other transects","C1b1","Chitinivibrionia",0
"BOX_7_48","CPL","Other transects","C1b1","Clostridia",0
"BOX_7_48","CPL","Other transects","C1b1","Deltaproteobacteria",0
"BOX_7_48","CPL","Other transects","C1b1","Gammaproteobacteria",36.7619711761971
"BOX_7_48","CPL","Other transects","C1b1","Gracilibacteria",0
"BOX_7_48","CPL","Other transects","C1b1","Kiritimatiellae",0
"BOX_7_48","CPL","Other transects","C1b1","Lentisphaeria",0
"BOX_7_48","CPL","Other transects","C1b1","Lokiarchaeia",0
"BOX_7_48","CPL","Other transects","C1b1","Marinimicrobia_(SAR406_clade)_cl",0
"BOX_7_48","CPL","Other transects","C1b1","Mollicutes",1.87122268712227
"BOX_7_48","CPL","Other transects","C1b1","Nitrososphaeria",0
"BOX_7_48","CPL","Other transects","C1b1","Nitrospinia",0
"BOX_7_48","CPL","Other transects","C1b1","OM190",0
"BOX_7_48","CPL","Other transects","C1b1","Oligosphaeria",0
"BOX_7_48","CPL","Other transects","C1b1","Oxyphotobacteria",0
"BOX_7_48","CPL","Other transects","C1b1","Phycisphaerae",0
"BOX_7_48","CPL","Other transects","C1b1","Planctomycetacia",0
"BOX_7_48","CPL","Other transects","C1b1","Spirochaetia",0.406787540678754
"BOX_7_48","CPL","Other transects","C1b1","Thermoplasmata",0
"BOX_7_48","CPL","Other transects","C1b1","Verrucomicrobiae",7.58949325894933
"BOX_7_49","CPL","Other transects","C1b1","Acidimicrobiia",0.204753199268739
"BOX_7_49","CPL","Other transects","C1b1","Actinobacteria",0
"BOX_7_49","CPL","Other transects","C1b1","Alphaproteobacteria",22.837294332724
"BOX_7_49","CPL","Other transects","C1b1","Bacteroidia",40.7751371115174
"BOX_7_49","CPL","Other transects","C1b1","CPR2",0
"BOX_7_49","CPL","Other transects","C1b1","Campylobacteria",0
"BOX_7_49","CPL","Other transects","C1b1","Chitinivibrionia",0
"BOX_7_49","CPL","Other transects","C1b1","Clostridia",0
"BOX_7_49","CPL","Other transects","C1b1","Deltaproteobacteria",0.204753199268739
"BOX_7_49","CPL","Other transects","C1b1","Gammaproteobacteria",27.3857404021938
"BOX_7_49","CPL","Other transects","C1b1","Gracilibacteria",0
"BOX_7_49","CPL","Other transects","C1b1","Kiritimatiellae",0
"BOX_7_49","CPL","Other transects","C1b1","Lentisphaeria",0.0877513711151737
"BOX_7_49","CPL","Other transects","C1b1","Lokiarchaeia",0
"BOX_7_49","CPL","Other transects","C1b1","Marinimicrobia_(SAR406_clade)_cl",0
"BOX_7_49","CPL","Other transects","C1b1","Mollicutes",1.27970749542962
"BOX_7_49","CPL","Other transects","C1b1","Nitrososphaeria",0
"BOX_7_49","CPL","Other transects","C1b1","Nitrospinia",0
"BOX_7_49","CPL","Other transects","C1b1","OM190",0
"BOX_7_49","CPL","Other transects","C1b1","Oligosphaeria",0
"BOX_7_49","CPL","Other transects","C1b1","Oxyphotobacteria",0
"BOX_7_49","CPL","Other transects","C1b1","Phycisphaerae",0.212065813528336
"BOX_7_49","CPL","Other transects","C1b1","Planctomycetacia",0
"BOX_7_49","CPL","Other transects","C1b1","Spirochaetia",0.621572212065814
"BOX_7_49","CPL","Other transects","C1b1","Thermoplasmata",0
"BOX_7_49","CPL","Other transects","C1b1","Verrucomicrobiae",6.39122486288848
"BOX_7_50","CPL","Other transects","C1b1","Acidimicrobiia",0.196238757154538
"BOX_7_50","CPL","Other transects","C1b1","Actinobacteria",0
"BOX_7_50","CPL","Other transects","C1b1","Alphaproteobacteria",20.335241210139
"BOX_7_50","CPL","Other transects","C1b1","Bacteroidia",44.9059689288635
"BOX_7_50","CPL","Other transects","C1b1","CPR2",0
"BOX_7_50","CPL","Other transects","C1b1","Campylobacteria",0
"BOX_7_50","CPL","Other transects","C1b1","Chitinivibrionia",0
"BOX_7_50","CPL","Other transects","C1b1","Clostridia",0
"BOX_7_50","CPL","Other transects","C1b1","Deltaproteobacteria",0.466067048242028
"BOX_7_50","CPL","Other transects","C1b1","Gammaproteobacteria",24.5257563368765
"BOX_7_50","CPL","Other transects","C1b1","Gracilibacteria",0
"BOX_7_50","CPL","Other transects","C1b1","Kiritimatiellae",0
"BOX_7_50","CPL","Other transects","C1b1","Lentisphaeria",0
"BOX_7_50","CPL","Other transects","C1b1","Lokiarchaeia",0.0858544562551104
"BOX_7_50","CPL","Other transects","C1b1","Marinimicrobia_(SAR406_clade)_cl",0
"BOX_7_50","CPL","Other transects","C1b1","Mollicutes",2.82910874897792
"BOX_7_50","CPL","Other transects","C1b1","Nitrososphaeria",0
"BOX_7_50","CPL","Other transects","C1b1","Nitrospinia",0
"BOX_7_50","CPL","Other transects","C1b1","OM190",0
"BOX_7_50","CPL","Other transects","C1b1","Oligosphaeria",0
"BOX_7_50","CPL","Other transects","C1b1","Oxyphotobacteria",0
"BOX_7_50","CPL","Other transects","C1b1","Phycisphaerae",0.102207686017989
"BOX_7_50","CPL","Other transects","C1b1","Planctomycetacia",0
"BOX_7_50","CPL","Other transects","C1b1","Spirochaetia",0.429272281275552
"BOX_7_50","CPL","Other transects","C1b1","Thermoplasmata",0
"BOX_7_50","CPL","Other transects","C1b1","Verrucomicrobiae",6.12428454619787
"BOX_7_51","CPL","Other transects","C2b2","Acidimicrobiia",0
"BOX_7_51","CPL","Other transects","C2b2","Actinobacteria",0
"BOX_7_51","CPL","Other transects","C2b2","Alphaproteobacteria",19.8086124401914
"BOX_7_51","CPL","Other transects","C2b2","Bacteroidia",28.8995215311005
"BOX_7_51","CPL","Other transects","C2b2","CPR2",0
"BOX_7_51","CPL","Other transects","C2b2","Campylobacteria",0
"BOX_7_51","CPL","Other transects","C2b2","Chitinivibrionia",0
"BOX_7_51","CPL","Other transects","C2b2","Clostridia",0
"BOX_7_51","CPL","Other transects","C2b2","Deltaproteobacteria",0.191387559808612
"BOX_7_51","CPL","Other transects","C2b2","Gammaproteobacteria",46.6507177033493
"BOX_7_51","CPL","Other transects","C2b2","Gracilibacteria",0
"BOX_7_51","CPL","Other transects","C2b2","Kiritimatiellae",0
"BOX_7_51","CPL","Other transects","C2b2","Lentisphaeria",0
"BOX_7_51","CPL","Other transects","C2b2","Lokiarchaeia",0
"BOX_7_51","CPL","Other transects","C2b2","Marinimicrobia_(SAR406_clade)_cl",0
"BOX_7_51","CPL","Other transects","C2b2","Mollicutes",0
"BOX_7_51","CPL","Other transects","C2b2","Nitrososphaeria",0
"BOX_7_51","CPL","Other transects","C2b2","Nitrospinia",0
"BOX_7_51","CPL","Other transects","C2b2","OM190",0
"BOX_7_51","CPL","Other transects","C2b2","Oligosphaeria",0.0956937799043062
"BOX_7_51","CPL","Other transects","C2b2","Oxyphotobacteria",0
"BOX_7_51","CPL","Other transects","C2b2","Phycisphaerae",0
"BOX_7_51","CPL","Other transects","C2b2","Planctomycetacia",0
"BOX_7_51","CPL","Other transects","C2b2","Spirochaetia",0
"BOX_7_51","CPL","Other transects","C2b2","Thermoplasmata",0
"BOX_7_51","CPL","Other transects","C2b2","Verrucomicrobiae",4.35406698564593
"BOX_7_52","CPL","Other transects","C2b2","Acidimicrobiia",0.185513792547185
"BOX_7_52","CPL","Other transects","C2b2","Actinobacteria",0.197612518148088
"BOX_7_52","CPL","Other transects","C2b2","Alphaproteobacteria",23.3586062268108
"BOX_7_52","CPL","Other transects","C2b2","Bacteroidia",33.6626875302468
"BOX_7_52","CPL","Other transects","C2b2","CPR2",0
"BOX_7_52","CPL","Other transects","C2b2","Campylobacteria",0
"BOX_7_52","CPL","Other transects","C2b2","Chitinivibrionia",0
"BOX_7_52","CPL","Other transects","C2b2","Clostridia",0
"BOX_7_52","CPL","Other transects","C2b2","Deltaproteobacteria",0.588804645910631
"BOX_7_52","CPL","Other transects","C2b2","Gammaproteobacteria",39.2402000322633
"BOX_7_52","CPL","Other transects","C2b2","Gracilibacteria",0.0362961768027101
"BOX_7_52","CPL","Other transects","C2b2","Kiritimatiellae",0.177447975479916
"BOX_7_52","CPL","Other transects","C2b2","Lentisphaeria",0
"BOX_7_52","CPL","Other transects","C2b2","Lokiarchaeia",0
"BOX_7_52","CPL","Other transects","C2b2","Marinimicrobia_(SAR406_clade)_cl",0
"BOX_7_52","CPL","Other transects","C2b2","Mollicutes",0.362961768027101
"BOX_7_52","CPL","Other transects","C2b2","Nitrososphaeria",0
"BOX_7_52","CPL","Other transects","C2b2","Nitrospinia",0
"BOX_7_52","CPL","Other transects","C2b2","OM190",0
"BOX_7_52","CPL","Other transects","C2b2","Oligosphaeria",0
"BOX_7_52","CPL","Other transects","C2b2","Oxyphotobacteria",0
"BOX_7_52","CPL","Other transects","C2b2","Phycisphaerae",0.229875786417164
"BOX_7_52","CPL","Other transects","C2b2","Planctomycetacia",0
"BOX_7_52","CPL","Other transects","C2b2","Spirochaetia",0.29843523148895
"BOX_7_52","CPL","Other transects","C2b2","Thermoplasmata",0
"BOX_7_52","CPL","Other transects","C2b2","Verrucomicrobiae",1.6615583158574
"BOX_7_53","CPL","Other transects","C2a","Acidimicrobiia",0.282962398650487
"BOX_7_53","CPL","Other transects","C2a","Actinobacteria",0.560483212711541
"BOX_7_53","CPL","Other transects","C2a","Alphaproteobacteria",40.2024269467269
"BOX_7_53","CPL","Other transects","C2a","Bacteroidia",12.6353594166621
"BOX_7_53","CPL","Other transects","C2a","CPR2",0
"BOX_7_53","CPL","Other transects","C2a","Campylobacteria",0
"BOX_7_53","CPL","Other transects","C2a","Chitinivibrionia",0
"BOX_7_53","CPL","Other transects","C2a","Clostridia",0
"BOX_7_53","CPL","Other transects","C2a","Deltaproteobacteria",0.84888719595146
"BOX_7_53","CPL","Other transects","C2a","Gammaproteobacteria",40.4745061761985
"BOX_7_53","CPL","Other transects","C2a","Gracilibacteria",1.18082385590684
"BOX_7_53","CPL","Other transects","C2a","Kiritimatiellae",0
"BOX_7_53","CPL","Other transects","C2a","Lentisphaeria",0
"BOX_7_53","CPL","Other transects","C2a","Lokiarchaeia",0
"BOX_7_53","CPL","Other transects","C2a","Marinimicrobia_(SAR406_clade)_cl",0
"BOX_7_53","CPL","Other transects","C2a","Mollicutes",0.228546552756162
"BOX_7_53","CPL","Other transects","C2a","Nitrososphaeria",0.348261413723676
"BOX_7_53","CPL","Other transects","C2a","Nitrospinia",0
"BOX_7_53","CPL","Other transects","C2a","OM190",0
"BOX_7_53","CPL","Other transects","C2a","Oligosphaeria",0
"BOX_7_53","CPL","Other transects","C2a","Oxyphotobacteria",0
"BOX_7_53","CPL","Other transects","C2a","Phycisphaerae",0.233988137345595
"BOX_7_53","CPL","Other transects","C2a","Planctomycetacia",0
"BOX_7_53","CPL","Other transects","C2a","Spirochaetia",1.0230179028133
"BOX_7_53","CPL","Other transects","C2a","Thermoplasmata",0
"BOX_7_53","CPL","Other transects","C2a","Verrucomicrobiae",1.98073679055341
"BOX_7_54","CPL","Other transects","C2a","Acidimicrobiia",0
"BOX_7_54","CPL","Other transects","C2a","Actinobacteria",1.25075957058943
"BOX_7_54","CPL","Other transects","C2a","Alphaproteobacteria",33.2084261697387
"BOX_7_54","CPL","Other transects","C2a","Bacteroidia",25.3291472554183
"BOX_7_54","CPL","Other transects","C2a","CPR2",0
"BOX_7_54","CPL","Other transects","C2a","Campylobacteria",0
"BOX_7_54","CPL","Other transects","C2a","Chitinivibrionia",0
"BOX_7_54","CPL","Other transects","C2a","Clostridia",0
"BOX_7_54","CPL","Other transects","C2a","Deltaproteobacteria",0.440550941867531
"BOX_7_54","CPL","Other transects","C2a","Gammaproteobacteria",37.7709135102289
"BOX_7_54","CPL","Other transects","C2a","Gracilibacteria",0.167105529673891
"BOX_7_54","CPL","Other transects","C2a","Kiritimatiellae",0
"BOX_7_54","CPL","Other transects","C2a","Lentisphaeria",0
"BOX_7_54","CPL","Other transects","C2a","Lokiarchaeia",0
"BOX_7_54","CPL","Other transects","C2a","Marinimicrobia_(SAR406_clade)_cl",0
"BOX_7_54","CPL","Other transects","C2a","Mollicutes",0.197488353250962
"BOX_7_54","CPL","Other transects","C2a","Nitrososphaeria",0
"BOX_7_54","CPL","Other transects","C2a","Nitrospinia",0
"BOX_7_54","CPL","Other transects","C2a","OM190",0
"BOX_7_54","CPL","Other transects","C2a","Oligosphaeria",0
"BOX_7_54","CPL","Other transects","C2a","Oxyphotobacteria",0
"BOX_7_54","CPL","Other transects","C2a","Phycisphaerae",0.227871176828033
"BOX_7_54","CPL","Other transects","C2a","Planctomycetacia",0
"BOX_7_54","CPL","Other transects","C2a","Spirochaetia",0.253190196475592
"BOX_7_54","CPL","Other transects","C2a","Thermoplasmata",0
"BOX_7_54","CPL","Other transects","C2a","Verrucomicrobiae",1.1545472959287
"BOX_7_55","CPL","Other transects","C2a","Acidimicrobiia",0.151702240254013
"BOX_7_55","CPL","Other transects","C2a","Actinobacteria",1.23831363556183
"BOX_7_55","CPL","Other transects","C2a","Alphaproteobacteria",36.4332333744929
"BOX_7_55","CPL","Other transects","C2a","Bacteroidia",23.0552125595343
"BOX_7_55","CPL","Other transects","C2a","CPR2",0
"BOX_7_55","CPL","Other transects","C2a","Campylobacteria",0
"BOX_7_55","CPL","Other transects","C2a","Chitinivibrionia",0
"BOX_7_55","CPL","Other transects","C2a","Clostridia",0
"BOX_7_55","CPL","Other transects","C2a","Deltaproteobacteria",0.504498147821485
"BOX_7_55","CPL","Other transects","C2a","Gammaproteobacteria",36.1862762391956
"BOX_7_55","CPL","Other transects","C2a","Gracilibacteria",0.179925912859411
"BOX_7_55","CPL","Other transects","C2a","Kiritimatiellae",0
"BOX_7_55","CPL","Other transects","C2a","Lentisphaeria",0
"BOX_7_55","CPL","Other transects","C2a","Lokiarchaeia",0
"BOX_7_55","CPL","Other transects","C2a","Marinimicrobia_(SAR406_clade)_cl",0
"BOX_7_55","CPL","Other transects","C2a","Mollicutes",0.137590403951314
"BOX_7_55","CPL","Other transects","C2a","Nitrososphaeria",0.134062444875639
"BOX_7_55","CPL","Other transects","C2a","Nitrospinia",0
"BOX_7_55","CPL","Other transects","C2a","OM190",0
"BOX_7_55","CPL","Other transects","C2a","Oligosphaeria",0
"BOX_7_55","CPL","Other transects","C2a","Oxyphotobacteria",0
"BOX_7_55","CPL","Other transects","C2a","Phycisphaerae",0.289292644205327
"BOX_7_55","CPL","Other transects","C2a","Planctomycetacia",0
"BOX_7_55","CPL","Other transects","C2a","Spirochaetia",0.3210442758864
"BOX_7_55","CPL","Other transects","C2a","Thermoplasmata",0
"BOX_7_55","CPL","Other transects","C2a","Verrucomicrobiae",1.36884812136179
"BOX_7_56","CPL","Other transects","C2a","Acidimicrobiia",0.317633729869709
"BOX_7_56","CPL","Other transects","C2a","Actinobacteria",1.05810471797362
"BOX_7_56","CPL","Other transects","C2a","Alphaproteobacteria",30.7922634943757
"BOX_7_56","CPL","Other transects","C2a","Bacteroidia",28.3179574330339
"BOX_7_56","CPL","Other transects","C2a","CPR2",0
"BOX_7_56","CPL","Other transects","C2a","Campylobacteria",0
"BOX_7_56","CPL","Other transects","C2a","Chitinivibrionia",0
"BOX_7_56","CPL","Other transects","C2a","Clostridia",0
"BOX_7_56","CPL","Other transects","C2a","Deltaproteobacteria",0.608966577648296
"BOX_7_56","CPL","Other transects","C2a","Gammaproteobacteria",34.9194788379057
"BOX_7_56","CPL","Other transects","C2a","Gracilibacteria",0.445091850772841
"BOX_7_56","CPL","Other transects","C2a","Kiritimatiellae",0
"BOX_7_56","CPL","Other transects","C2a","Lentisphaeria",0
"BOX_7_56","CPL","Other transects","C2a","Lokiarchaeia",0
"BOX_7_56","CPL","Other transects","C2a","Marinimicrobia_(SAR406_clade)_cl",0
"BOX_7_56","CPL","Other transects","C2a","Mollicutes",0.194221898519058
"BOX_7_56","CPL","Other transects","C2a","Nitrososphaeria",0
"BOX_7_56","CPL","Other transects","C2a","Nitrospinia",0
"BOX_7_56","CPL","Other transects","C2a","OM190",0
"BOX_7_56","CPL","Other transects","C2a","Oligosphaeria",0
"BOX_7_56","CPL","Other transects","C2a","Oxyphotobacteria",0
"BOX_7_56","CPL","Other transects","C2a","Phycisphaerae",0.505786194060047
"BOX_7_56","CPL","Other transects","C2a","Planctomycetacia",0
"BOX_7_56","CPL","Other transects","C2a","Spirochaetia",0.238731083596342
"BOX_7_56","CPL","Other transects","C2a","Thermoplasmata",0
"BOX_7_56","CPL","Other transects","C2a","Verrucomicrobiae",2.60176418224488
"BOX_7_57","CNL","Other transects","C1b1","Acidimicrobiia",0
"BOX_7_57","CNL","Other transects","C1b1","Actinobacteria",0
"BOX_7_57","CNL","Other transects","C1b1","Alphaproteobacteria",23.0445642171684
"BOX_7_57","CNL","Other transects","C1b1","Bacteroidia",45.1689233600631
"BOX_7_57","CNL","Other transects","C1b1","CPR2",0
"BOX_7_57","CNL","Other transects","C1b1","Campylobacteria",0
"BOX_7_57","CNL","Other transects","C1b1","Chitinivibrionia",0
"BOX_7_57","CNL","Other transects","C1b1","Clostridia",0
"BOX_7_57","CNL","Other transects","C1b1","Deltaproteobacteria",0.197186801630078
"BOX_7_57","CNL","Other transects","C1b1","Gammaproteobacteria",26.6596555803865
"BOX_7_57","CNL","Other transects","C1b1","Gracilibacteria",2.47140791376364
"BOX_7_57","CNL","Other transects","C1b1","Kiritimatiellae",0
"BOX_7_57","CNL","Other transects","C1b1","Lentisphaeria",0
"BOX_7_57","CNL","Other transects","C1b1","Lokiarchaeia",0
"BOX_7_57","CNL","Other transects","C1b1","Marinimicrobia_(SAR406_clade)_cl",0
"BOX_7_57","CNL","Other transects","C1b1","Mollicutes",0.630997765216248
"BOX_7_57","CNL","Other transects","C1b1","Nitrososphaeria",0
"BOX_7_57","CNL","Other transects","C1b1","Nitrospinia",0
"BOX_7_57","CNL","Other transects","C1b1","OM190",0
"BOX_7_57","CNL","Other transects","C1b1","Oligosphaeria",0
"BOX_7_57","CNL","Other transects","C1b1","Oxyphotobacteria",0
"BOX_7_57","CNL","Other transects","C1b1","Phycisphaerae",0
"BOX_7_57","CNL","Other transects","C1b1","Planctomycetacia",0
"BOX_7_57","CNL","Other transects","C1b1","Spirochaetia",0
"BOX_7_57","CNL","Other transects","C1b1","Thermoplasmata",0
"BOX_7_57","CNL","Other transects","C1b1","Verrucomicrobiae",1.82726436177205
"BOX_7_58","CNL","Other transects","C1b1","Acidimicrobiia",0
"BOX_7_58","CNL","Other transects","C1b1","Actinobacteria",0
"BOX_7_58","CNL","Other transects","C1b1","Alphaproteobacteria",21.6321749316673
"BOX_7_58","CNL","Other transects","C1b1","Bacteroidia",38.0710659898477
"BOX_7_58","CNL","Other transects","C1b1","CPR2",0
"BOX_7_58","CNL","Other transects","C1b1","Campylobacteria",0
"BOX_7_58","CNL","Other transects","C1b1","Chitinivibrionia",0
"BOX_7_58","CNL","Other transects","C1b1","Clostridia",0
"BOX_7_58","CNL","Other transects","C1b1","Deltaproteobacteria",0
"BOX_7_58","CNL","Other transects","C1b1","Gammaproteobacteria",32.2920734088247
"BOX_7_58","CNL","Other transects","C1b1","Gracilibacteria",3.55329949238579
"BOX_7_58","CNL","Other transects","C1b1","Kiritimatiellae",0
"BOX_7_58","CNL","Other transects","C1b1","Lentisphaeria",0
"BOX_7_58","CNL","Other transects","C1b1","Lokiarchaeia",0
"BOX_7_58","CNL","Other transects","C1b1","Marinimicrobia_(SAR406_clade)_cl",0
"BOX_7_58","CNL","Other transects","C1b1","Mollicutes",1.13237016790316
"BOX_7_58","CNL","Other transects","C1b1","Nitrososphaeria",0.507614213197969
"BOX_7_58","CNL","Other transects","C1b1","Nitrospinia",0
"BOX_7_58","CNL","Other transects","C1b1","OM190",0
"BOX_7_58","CNL","Other transects","C1b1","Oligosphaeria",0
"BOX_7_58","CNL","Other transects","C1b1","Oxyphotobacteria",0
"BOX_7_58","CNL","Other transects","C1b1","Phycisphaerae",0
"BOX_7_58","CNL","Other transects","C1b1","Planctomycetacia",0
"BOX_7_58","CNL","Other transects","C1b1","Spirochaetia",0
"BOX_7_58","CNL","Other transects","C1b1","Thermoplasmata",0
"BOX_7_58","CNL","Other transects","C1b1","Verrucomicrobiae",2.81140179617337
"BOX_7_59","CNL","Other transects","C1b2","Acidimicrobiia",0
"BOX_7_59","CNL","Other transects","C1b2","Actinobacteria",0
"BOX_7_59","CNL","Other transects","C1b2","Alphaproteobacteria",25.320317266626
"BOX_7_59","CNL","Other transects","C1b2","Bacteroidia",28.8224527150702
"BOX_7_59","CNL","Other transects","C1b2","CPR2",0
"BOX_7_59","CNL","Other transects","C1b2","Campylobacteria",0
"BOX_7_59","CNL","Other transects","C1b2","Chitinivibrionia",0
"BOX_7_59","CNL","Other transects","C1b2","Clostridia",0
"BOX_7_59","CNL","Other transects","C1b2","Deltaproteobacteria",0
"BOX_7_59","CNL","Other transects","C1b2","Gammaproteobacteria",37.6693105552166
"BOX_7_59","CNL","Other transects","C1b2","Gracilibacteria",0
"BOX_7_59","CNL","Other transects","C1b2","Kiritimatiellae",0
"BOX_7_59","CNL","Other transects","C1b2","Lentisphaeria",0
"BOX_7_59","CNL","Other transects","C1b2","Lokiarchaeia",0
"BOX_7_59","CNL","Other transects","C1b2","Marinimicrobia_(SAR406_clade)_cl",0
"BOX_7_59","CNL","Other transects","C1b2","Mollicutes",2.69676632092739
"BOX_7_59","CNL","Other transects","C1b2","Nitrososphaeria",1.15924344112264
"BOX_7_59","CNL","Other transects","C1b2","Nitrospinia",0
"BOX_7_59","CNL","Other transects","C1b2","OM190",0.268456375838926
"BOX_7_59","CNL","Other transects","C1b2","Oligosphaeria",0
"BOX_7_59","CNL","Other transects","C1b2","Oxyphotobacteria",0
"BOX_7_59","CNL","Other transects","C1b2","Phycisphaerae",0
"BOX_7_59","CNL","Other transects","C1b2","Planctomycetacia",0
"BOX_7_59","CNL","Other transects","C1b2","Spirochaetia",0.170835875533862
"BOX_7_59","CNL","Other transects","C1b2","Thermoplasmata",0.280658938377059
"BOX_7_59","CNL","Other transects","C1b2","Verrucomicrobiae",3.61195851128737
"BOX_7_60","CNL","Other transects","C1b2","Acidimicrobiia",0.578170169544496
"BOX_7_60","CNL","Other transects","C1b2","Actinobacteria",0.101570435190249
"BOX_7_60","CNL","Other transects","C1b2","Alphaproteobacteria",24.6269239784358
"BOX_7_60","CNL","Other transects","C1b2","Bacteroidia",28.3303383076803
"BOX_7_60","CNL","Other transects","C1b2","CPR2",0
"BOX_7_60","CNL","Other transects","C1b2","Campylobacteria",0
"BOX_7_60","CNL","Other transects","C1b2","Chitinivibrionia",0
"BOX_7_60","CNL","Other transects","C1b2","Clostridia",0
"BOX_7_60","CNL","Other transects","C1b2","Deltaproteobacteria",0.546917727947496
"BOX_7_60","CNL","Other transects","C1b2","Gammaproteobacteria",36.3465895773107
"BOX_7_60","CNL","Other transects","C1b2","Gracilibacteria",0
"BOX_7_60","CNL","Other transects","C1b2","Kiritimatiellae",0
"BOX_7_60","CNL","Other transects","C1b2","Lentisphaeria",0
"BOX_7_60","CNL","Other transects","C1b2","Lokiarchaeia",0
"BOX_7_60","CNL","Other transects","C1b2","Marinimicrobia_(SAR406_clade)_cl",0.187514649581999
"BOX_7_60","CNL","Other transects","C1b2","Mollicutes",3.07055238690523
"BOX_7_60","CNL","Other transects","C1b2","Nitrososphaeria",1.13290100789124
"BOX_7_60","CNL","Other transects","C1b2","Nitrospinia",0
"BOX_7_60","CNL","Other transects","C1b2","OM190",0.281271974372998
"BOX_7_60","CNL","Other transects","C1b2","Oligosphaeria",0
"BOX_7_60","CNL","Other transects","C1b2","Oxyphotobacteria",0
"BOX_7_60","CNL","Other transects","C1b2","Phycisphaerae",0.281271974372998
"BOX_7_60","CNL","Other transects","C1b2","Planctomycetacia",0.671927494335495
"BOX_7_60","CNL","Other transects","C1b2","Spirochaetia",0
"BOX_7_60","CNL","Other transects","C1b2","Thermoplasmata",0
"BOX_7_60","CNL","Other transects","C1b2","Verrucomicrobiae",3.84405031643097
"BOX_7_61","CNL","Other transects","C1b2","Acidimicrobiia",1.14561350618028
"BOX_7_61","CNL","Other transects","C1b2","Actinobacteria",0
"BOX_7_61","CNL","Other transects","C1b2","Alphaproteobacteria",18.6915887850467
"BOX_7_61","CNL","Other transects","C1b2","Bacteroidia",30.1477238468496
"BOX_7_61","CNL","Other transects","C1b2","CPR2",0
"BOX_7_61","CNL","Other transects","C1b2","Campylobacteria",0
"BOX_7_61","CNL","Other transects","C1b2","Chitinivibrionia",0
"BOX_7_61","CNL","Other transects","C1b2","Clostridia",0
"BOX_7_61","CNL","Other transects","C1b2","Deltaproteobacteria",0
"BOX_7_61","CNL","Other transects","C1b2","Gammaproteobacteria",37.7148025324088
"BOX_7_61","CNL","Other transects","C1b2","Gracilibacteria",0
"BOX_7_61","CNL","Other transects","C1b2","Kiritimatiellae",0
"BOX_7_61","CNL","Other transects","C1b2","Lentisphaeria",0
"BOX_7_61","CNL","Other transects","C1b2","Lokiarchaeia",0
"BOX_7_61","CNL","Other transects","C1b2","Marinimicrobia_(SAR406_clade)_cl",0
"BOX_7_61","CNL","Other transects","C1b2","Mollicutes",4.25082906240579
"BOX_7_61","CNL","Other transects","C1b2","Nitrososphaeria",1.71842025927042
"BOX_7_61","CNL","Other transects","C1b2","Nitrospinia",0
"BOX_7_61","CNL","Other transects","C1b2","OM190",0
"BOX_7_61","CNL","Other transects","C1b2","Oligosphaeria",0
"BOX_7_61","CNL","Other transects","C1b2","Oxyphotobacteria",0
"BOX_7_61","CNL","Other transects","C1b2","Phycisphaerae",0
"BOX_7_61","CNL","Other transects","C1b2","Planctomycetacia",0.844136267711788
"BOX_7_61","CNL","Other transects","C1b2","Spirochaetia",0
"BOX_7_61","CNL","Other transects","C1b2","Thermoplasmata",0.422068133855894
"BOX_7_61","CNL","Other transects","C1b2","Verrucomicrobiae",5.06481760627073
"BOX_7_62","CNL","Other transects","C1b2","Acidimicrobiia",0.425906887942429
"BOX_7_62","CNL","Other transects","C1b2","Actinobacteria",0
"BOX_7_62","CNL","Other transects","C1b2","Alphaproteobacteria",19.6651490674108
"BOX_7_62","CNL","Other transects","C1b2","Bacteroidia",29.1452489352328
"BOX_7_62","CNL","Other transects","C1b2","CPR2",0
"BOX_7_62","CNL","Other transects","C1b2","Campylobacteria",0
"BOX_7_62","CNL","Other transects","C1b2","Chitinivibrionia",0
"BOX_7_62","CNL","Other transects","C1b2","Clostridia",0
"BOX_7_62","CNL","Other transects","C1b2","Deltaproteobacteria",0.286385666030254
"BOX_7_62","CNL","Other transects","C1b2","Gammaproteobacteria",39.2715523571743
"BOX_7_62","CNL","Other transects","C1b2","Gracilibacteria",0
"BOX_7_62","CNL","Other transects","C1b2","Kiritimatiellae",0
"BOX_7_62","CNL","Other transects","C1b2","Lentisphaeria",0
"BOX_7_62","CNL","Other transects","C1b2","Lokiarchaeia",0
"BOX_7_62","CNL","Other transects","C1b2","Marinimicrobia_(SAR406_clade)_cl",0.227639888383023
"BOX_7_62","CNL","Other transects","C1b2","Mollicutes",3.1575855485387
"BOX_7_62","CNL","Other transects","C1b2","Nitrososphaeria",1.40255544132766
"BOX_7_62","CNL","Other transects","C1b2","Nitrospinia",0
"BOX_7_62","CNL","Other transects","C1b2","OM190",0.271699221618446
"BOX_7_62","CNL","Other transects","C1b2","Oligosphaeria",0
"BOX_7_62","CNL","Other transects","C1b2","Oxyphotobacteria",0.0807754442649435
"BOX_7_62","CNL","Other transects","C1b2","Phycisphaerae",0.337788221471582
"BOX_7_62","CNL","Other transects","C1b2","Planctomycetacia",0.359817888089294
"BOX_7_62","CNL","Other transects","C1b2","Spirochaetia",0
"BOX_7_62","CNL","Other transects","C1b2","Thermoplasmata",0.227639888383023
"BOX_7_62","CNL","Other transects","C1b2","Verrucomicrobiae",5.14025554413277
"BOX_7_63","CBW","Other transects","C1b2","Acidimicrobiia",0.50027041644132
"BOX_7_63","CBW","Other transects","C1b2","Actinobacteria",0
"BOX_7_63","CBW","Other transects","C1b2","Alphaproteobacteria",21.3899405083829
"BOX_7_63","CBW","Other transects","C1b2","Bacteroidia",35.6408869659275
"BOX_7_63","CBW","Other transects","C1b2","CPR2",0
"BOX_7_63","CBW","Other transects","C1b2","Campylobacteria",0
"BOX_7_63","CBW","Other transects","C1b2","Chitinivibrionia",0
"BOX_7_63","CBW","Other transects","C1b2","Clostridia",0
"BOX_7_63","CBW","Other transects","C1b2","Deltaproteobacteria",0.256895619253651
"BOX_7_63","CBW","Other transects","C1b2","Gammaproteobacteria",28.8804759329367
"BOX_7_63","CBW","Other transects","C1b2","Gracilibacteria",0
"BOX_7_63","CBW","Other transects","C1b2","Kiritimatiellae",0
"BOX_7_63","CBW","Other transects","C1b2","Lentisphaeria",0
"BOX_7_63","CBW","Other transects","C1b2","Lokiarchaeia",0
"BOX_7_63","CBW","Other transects","C1b2","Marinimicrobia_(SAR406_clade)_cl",0
"BOX_7_63","CBW","Other transects","C1b2","Mollicutes",7.0578691184424
"BOX_7_63","CBW","Other transects","C1b2","Nitrososphaeria",1.31151974040022
"BOX_7_63","CBW","Other transects","C1b2","Nitrospinia",0
"BOX_7_63","CBW","Other transects","C1b2","OM190",0.256895619253651
"BOX_7_63","CBW","Other transects","C1b2","Oligosphaeria",0
"BOX_7_63","CBW","Other transects","C1b2","Oxyphotobacteria",0.486749594375338
"BOX_7_63","CBW","Other transects","C1b2","Phycisphaerae",0.33802055164954
"BOX_7_63","CBW","Other transects","C1b2","Planctomycetacia",0.527312060573283
"BOX_7_63","CBW","Other transects","C1b2","Spirochaetia",0.527312060573283
"BOX_7_63","CBW","Other transects","C1b2","Thermoplasmata",0
"BOX_7_63","CBW","Other transects","C1b2","Verrucomicrobiae",2.82585181179016
"BOX_7_64","CBW","Other transects","C1b2","Acidimicrobiia",0.539014373716632
"BOX_7_64","CBW","Other transects","C1b2","Actinobacteria",0
"BOX_7_64","CBW","Other transects","C1b2","Alphaproteobacteria",22.1509240246407
"BOX_7_64","CBW","Other transects","C1b2","Bacteroidia",32.700205338809
"BOX_7_64","CBW","Other transects","C1b2","CPR2",0
"BOX_7_64","CBW","Other transects","C1b2","Campylobacteria",0
"BOX_7_64","CBW","Other transects","C1b2","Chitinivibrionia",0
"BOX_7_64","CBW","Other transects","C1b2","Clostridia",0.222450376454483
"BOX_7_64","CBW","Other transects","C1b2","Deltaproteobacteria",0.573237508555784
"BOX_7_64","CBW","Other transects","C1b2","Gammaproteobacteria",30.5527036276523
"BOX_7_64","CBW","Other transects","C1b2","Gracilibacteria",0
"BOX_7_64","CBW","Other transects","C1b2","Kiritimatiellae",0
"BOX_7_64","CBW","Other transects","C1b2","Lentisphaeria",0
"BOX_7_64","CBW","Other transects","C1b2","Lokiarchaeia",0
"BOX_7_64","CBW","Other transects","C1b2","Marinimicrobia_(SAR406_clade)_cl",0.19678302532512
"BOX_7_64","CBW","Other transects","C1b2","Mollicutes",6.28850102669404
"BOX_7_64","CBW","Other transects","C1b2","Nitrososphaeria",1.4031485284052
"BOX_7_64","CBW","Other transects","C1b2","Nitrospinia",0
"BOX_7_64","CBW","Other transects","C1b2","OM190",0.248117727583847
"BOX_7_64","CBW","Other transects","C1b2","Oligosphaeria",0
"BOX_7_64","CBW","Other transects","C1b2","Oxyphotobacteria",0.436344969199179
"BOX_7_64","CBW","Other transects","C1b2","Phycisphaerae",0.496235455167693
"BOX_7_64","CBW","Other transects","C1b2","Planctomycetacia",0.581793292265572
"BOX_7_64","CBW","Other transects","C1b2","Spirochaetia",0.316563997262149
"BOX_7_64","CBW","Other transects","C1b2","Thermoplasmata",0.179671457905544
"BOX_7_64","CBW","Other transects","C1b2","Verrucomicrobiae",3.11430527036276
"BOX_7_65","CBW","Other transects","C1b2","Acidimicrobiia",0.913798355162961
"BOX_7_65","CBW","Other transects","C1b2","Actinobacteria",0
"BOX_7_65","CBW","Other transects","C1b2","Alphaproteobacteria",19.1136155954919
"BOX_7_65","CBW","Other transects","C1b2","Bacteroidia",32.7444410600061
"BOX_7_65","CBW","Other transects","C1b2","CPR2",0
"BOX_7_65","CBW","Other transects","C1b2","Campylobacteria",0
"BOX_7_65","CBW","Other transects","C1b2","Chitinivibrionia",0
"BOX_7_65","CBW","Other transects","C1b2","Clostridia",0
"BOX_7_65","CBW","Other transects","C1b2","Deltaproteobacteria",0.913798355162961
"BOX_7_65","CBW","Other transects","C1b2","Gammaproteobacteria",37.0697532744441
"BOX_7_65","CBW","Other transects","C1b2","Gracilibacteria",0
"BOX_7_65","CBW","Other transects","C1b2","Kiritimatiellae",0
"BOX_7_65","CBW","Other transects","C1b2","Lentisphaeria",0
"BOX_7_65","CBW","Other transects","C1b2","Lokiarchaeia",0
"BOX_7_65","CBW","Other transects","C1b2","Marinimicrobia_(SAR406_clade)_cl",0
"BOX_7_65","CBW","Other transects","C1b2","Mollicutes",1.03563813585136
"BOX_7_65","CBW","Other transects","C1b2","Nitrososphaeria",1.12701797136765
"BOX_7_65","CBW","Other transects","C1b2","Nitrospinia",0
"BOX_7_65","CBW","Other transects","C1b2","OM190",0
"BOX_7_65","CBW","Other transects","C1b2","Oligosphaeria",0
"BOX_7_65","CBW","Other transects","C1b2","Oxyphotobacteria",1.82759671032592
"BOX_7_65","CBW","Other transects","C1b2","Phycisphaerae",0
"BOX_7_65","CBW","Other transects","C1b2","Planctomycetacia",1.0813280536095
"BOX_7_65","CBW","Other transects","C1b2","Spirochaetia",0.258909533962839
"BOX_7_65","CBW","Other transects","C1b2","Thermoplasmata",0.289369479134938
"BOX_7_65","CBW","Other transects","C1b2","Verrucomicrobiae",3.62473347547974
"BOX_7_66","CBW","Other transects","C1b1","Acidimicrobiia",0
"BOX_7_66","CBW","Other transects","C1b1","Actinobacteria",0
"BOX_7_66","CBW","Other transects","C1b1","Alphaproteobacteria",23.0827351718927
"BOX_7_66","CBW","Other transects","C1b1","Bacteroidia",36.2674726105025
"BOX_7_66","CBW","Other transects","C1b1","CPR2",0
"BOX_7_66","CBW","Other transects","C1b1","Campylobacteria",0
"BOX_7_66","CBW","Other transects","C1b1","Chitinivibrionia",0
"BOX_7_66","CBW","Other transects","C1b1","Clostridia",0
"BOX_7_66","CBW","Other transects","C1b1","Deltaproteobacteria",0
"BOX_7_66","CBW","Other transects","C1b1","Gammaproteobacteria",33.7363052512278
"BOX_7_66","CBW","Other transects","C1b1","Gracilibacteria",0
"BOX_7_66","CBW","Other transects","C1b1","Kiritimatiellae",0
"BOX_7_66","CBW","Other transects","C1b1","Lentisphaeria",0
"BOX_7_66","CBW","Other transects","C1b1","Lokiarchaeia",0
"BOX_7_66","CBW","Other transects","C1b1","Marinimicrobia_(SAR406_clade)_cl",0
"BOX_7_66","CBW","Other transects","C1b1","Mollicutes",0
"BOX_7_66","CBW","Other transects","C1b1","Nitrososphaeria",1.05780128447299
"BOX_7_66","CBW","Other transects","C1b1","Nitrospinia",0
"BOX_7_66","CBW","Other transects","C1b1","OM190",0
"BOX_7_66","CBW","Other transects","C1b1","Oligosphaeria",0
"BOX_7_66","CBW","Other transects","C1b1","Oxyphotobacteria",1.85115224782773
"BOX_7_66","CBW","Other transects","C1b1","Phycisphaerae",0
"BOX_7_66","CBW","Other transects","C1b1","Planctomycetacia",0
"BOX_7_66","CBW","Other transects","C1b1","Spirochaetia",0
"BOX_7_66","CBW","Other transects","C1b1","Thermoplasmata",0
"BOX_7_66","CBW","Other transects","C1b1","Verrucomicrobiae",4.00453343407631
"BOX_7_67","CBW","Other transects","C1b2","Acidimicrobiia",0
"BOX_7_67","CBW","Other transects","C1b2","Actinobacteria",0
"BOX_7_67","CBW","Other transects","C1b2","Alphaproteobacteria",17.5819309123118
"BOX_7_67","CBW","Other transects","C1b2","Bacteroidia",39.9025686448184
"BOX_7_67","CBW","Other transects","C1b2","CPR2",0
"BOX_7_67","CBW","Other transects","C1b2","Campylobacteria",0
"BOX_7_67","CBW","Other transects","C1b2","Chitinivibrionia",0
"BOX_7_67","CBW","Other transects","C1b2","Clostridia",0
"BOX_7_67","CBW","Other transects","C1b2","Deltaproteobacteria",0.354295837023915
"BOX_7_67","CBW","Other transects","C1b2","Gammaproteobacteria",40.4782993799823
"BOX_7_67","CBW","Other transects","C1b2","Gracilibacteria",0
"BOX_7_67","CBW","Other transects","C1b2","Kiritimatiellae",0
"BOX_7_67","CBW","Other transects","C1b2","Lentisphaeria",0
"BOX_7_67","CBW","Other transects","C1b2","Lokiarchaeia",0
"BOX_7_67","CBW","Other transects","C1b2","Marinimicrobia_(SAR406_clade)_cl",0
"BOX_7_67","CBW","Other transects","C1b2","Mollicutes",0
"BOX_7_67","CBW","Other transects","C1b2","Nitrososphaeria",0.885739592559788
"BOX_7_67","CBW","Other transects","C1b2","Nitrospinia",0
"BOX_7_67","CBW","Other transects","C1b2","OM190",0
"BOX_7_67","CBW","Other transects","C1b2","Oligosphaeria",0
"BOX_7_67","CBW","Other transects","C1b2","Oxyphotobacteria",0
"BOX_7_67","CBW","Other transects","C1b2","Phycisphaerae",0
"BOX_7_67","CBW","Other transects","C1b2","Planctomycetacia",0.797165633303809
"BOX_7_67","CBW","Other transects","C1b2","Spirochaetia",0
"BOX_7_67","CBW","Other transects","C1b2","Thermoplasmata",0
"BOX_7_67","CBW","Other transects","C1b2","Verrucomicrobiae",0
"BOX_7_68","CBW","Other transects","C1b2","Acidimicrobiia",0
"BOX_7_68","CBW","Other transects","C1b2","Actinobacteria",0
"BOX_7_68","CBW","Other transects","C1b2","Alphaproteobacteria",18.8361045130641
"BOX_7_68","CBW","Other transects","C1b2","Bacteroidia",41.1638954869359
"BOX_7_68","CBW","Other transects","C1b2","CPR2",0
"BOX_7_68","CBW","Other transects","C1b2","Campylobacteria",0
"BOX_7_68","CBW","Other transects","C1b2","Chitinivibrionia",0
"BOX_7_68","CBW","Other transects","C1b2","Clostridia",0
"BOX_7_68","CBW","Other transects","C1b2","Deltaproteobacteria",0
"BOX_7_68","CBW","Other transects","C1b2","Gammaproteobacteria",36.0807600950119
"BOX_7_68","CBW","Other transects","C1b2","Gracilibacteria",0
"BOX_7_68","CBW","Other transects","C1b2","Kiritimatiellae",0
"BOX_7_68","CBW","Other transects","C1b2","Lentisphaeria",0
"BOX_7_68","CBW","Other transects","C1b2","Lokiarchaeia",0
"BOX_7_68","CBW","Other transects","C1b2","Marinimicrobia_(SAR406_clade)_cl",0
"BOX_7_68","CBW","Other transects","C1b2","Mollicutes",0.356294536817102
"BOX_7_68","CBW","Other transects","C1b2","Nitrososphaeria",1.28266033254157
"BOX_7_68","CBW","Other transects","C1b2","Nitrospinia",0
"BOX_7_68","CBW","Other transects","C1b2","OM190",0
"BOX_7_68","CBW","Other transects","C1b2","Oligosphaeria",0
"BOX_7_68","CBW","Other transects","C1b2","Oxyphotobacteria",0
"BOX_7_68","CBW","Other transects","C1b2","Phycisphaerae",0
"BOX_7_68","CBW","Other transects","C1b2","Planctomycetacia",0.522565320665083
"BOX_7_68","CBW","Other transects","C1b2","Spirochaetia",0
"BOX_7_68","CBW","Other transects","C1b2","Thermoplasmata",0.926365795724466
"BOX_7_68","CBW","Other transects","C1b2","Verrucomicrobiae",0.831353919239905
"BOX_7_69","DBO2","Other transects","C1b2","Acidimicrobiia",0
"BOX_7_69","DBO2","Other transects","C1b2","Actinobacteria",0
"BOX_7_69","DBO2","Other transects","C1b2","Alphaproteobacteria",18.236301369863
"BOX_7_69","DBO2","Other transects","C1b2","Bacteroidia",43.9212328767123
"BOX_7_69","DBO2","Other transects","C1b2","CPR2",0
"BOX_7_69","DBO2","Other transects","C1b2","Campylobacteria",0
"BOX_7_69","DBO2","Other transects","C1b2","Chitinivibrionia",0
"BOX_7_69","DBO2","Other transects","C1b2","Clostridia",0
"BOX_7_69","DBO2","Other transects","C1b2","Deltaproteobacteria",0
"BOX_7_69","DBO2","Other transects","C1b2","Gammaproteobacteria",34.5462328767123
"BOX_7_69","DBO2","Other transects","C1b2","Gracilibacteria",0
"BOX_7_69","DBO2","Other transects","C1b2","Kiritimatiellae",0
"BOX_7_69","DBO2","Other transects","C1b2","Lentisphaeria",0
"BOX_7_69","DBO2","Other transects","C1b2","Lokiarchaeia",0
"BOX_7_69","DBO2","Other transects","C1b2","Marinimicrobia_(SAR406_clade)_cl",0
"BOX_7_69","DBO2","Other transects","C1b2","Mollicutes",0.642123287671233
"BOX_7_69","DBO2","Other transects","C1b2","Nitrososphaeria",0.684931506849315
"BOX_7_69","DBO2","Other transects","C1b2","Nitrospinia",0
"BOX_7_69","DBO2","Other transects","C1b2","OM190",0
"BOX_7_69","DBO2","Other transects","C1b2","Oligosphaeria",0
"BOX_7_69","DBO2","Other transects","C1b2","Oxyphotobacteria",0.513698630136986
"BOX_7_69","DBO2","Other transects","C1b2","Phycisphaerae",0
"BOX_7_69","DBO2","Other transects","C1b2","Planctomycetacia",0
"BOX_7_69","DBO2","Other transects","C1b2","Spirochaetia",0
"BOX_7_69","DBO2","Other transects","C1b2","Thermoplasmata",0
"BOX_7_69","DBO2","Other transects","C1b2","Verrucomicrobiae",1.45547945205479
"BOX_7_70","DBO2","Other transects","C1b1","Acidimicrobiia",0.519059205190592
"BOX_7_70","DBO2","Other transects","C1b1","Actinobacteria",0
"BOX_7_70","DBO2","Other transects","C1b1","Alphaproteobacteria",21.4598540145985
"BOX_7_70","DBO2","Other transects","C1b1","Bacteroidia",44.7526358475264
"BOX_7_70","DBO2","Other transects","C1b1","CPR2",0
"BOX_7_70","DBO2","Other transects","C1b1","Campylobacteria",0
"BOX_7_70","DBO2","Other transects","C1b1","Chitinivibrionia",0
"BOX_7_70","DBO2","Other transects","C1b1","Clostridia",0
"BOX_7_70","DBO2","Other transects","C1b1","Deltaproteobacteria",0
"BOX_7_70","DBO2","Other transects","C1b1","Gammaproteobacteria",27.9318734793187
"BOX_7_70","DBO2","Other transects","C1b1","Gracilibacteria",0
"BOX_7_70","DBO2","Other transects","C1b1","Kiritimatiellae",0
"BOX_7_70","DBO2","Other transects","C1b1","Lentisphaeria",0
"BOX_7_70","DBO2","Other transects","C1b1","Lokiarchaeia",0
"BOX_7_70","DBO2","Other transects","C1b1","Marinimicrobia_(SAR406_clade)_cl",0
"BOX_7_70","DBO2","Other transects","C1b1","Mollicutes",0.989456609894566
"BOX_7_70","DBO2","Other transects","C1b1","Nitrososphaeria",0.24330900243309
"BOX_7_70","DBO2","Other transects","C1b1","Nitrospinia",0
"BOX_7_70","DBO2","Other transects","C1b1","OM190",0
"BOX_7_70","DBO2","Other transects","C1b1","Oligosphaeria",0
"BOX_7_70","DBO2","Other transects","C1b1","Oxyphotobacteria",0.437956204379562
"BOX_7_70","DBO2","Other transects","C1b1","Phycisphaerae",0.32441200324412
"BOX_7_70","DBO2","Other transects","C1b1","Planctomycetacia",0
"BOX_7_70","DBO2","Other transects","C1b1","Spirochaetia",0.210867802108678
"BOX_7_70","DBO2","Other transects","C1b1","Thermoplasmata",0
"BOX_7_70","DBO2","Other transects","C1b1","Verrucomicrobiae",3.13057583130576
"BOX_7_71","CPL","Other transects","C1b1","Acidimicrobiia",0.33311125916056
"BOX_7_71","CPL","Other transects","C1b1","Actinobacteria",0
"BOX_7_71","CPL","Other transects","C1b1","Alphaproteobacteria",20.3419942260715
"BOX_7_71","CPL","Other transects","C1b1","Bacteroidia",44.0151010437486
"BOX_7_71","CPL","Other transects","C1b1","CPR2",0
"BOX_7_71","CPL","Other transects","C1b1","Campylobacteria",0
"BOX_7_71","CPL","Other transects","C1b1","Chitinivibrionia",0
"BOX_7_71","CPL","Other transects","C1b1","Clostridia",0
"BOX_7_71","CPL","Other transects","C1b1","Deltaproteobacteria",0
"BOX_7_71","CPL","Other transects","C1b1","Gammaproteobacteria",28.1812125249834
"BOX_7_71","CPL","Other transects","C1b1","Gracilibacteria",0
"BOX_7_71","CPL","Other transects","C1b1","Kiritimatiellae",0
"BOX_7_71","CPL","Other transects","C1b1","Lentisphaeria",0
"BOX_7_71","CPL","Other transects","C1b1","Lokiarchaeia",0
"BOX_7_71","CPL","Other transects","C1b1","Marinimicrobia_(SAR406_clade)_cl",0
"BOX_7_71","CPL","Other transects","C1b1","Mollicutes",1.59893404397069
"BOX_7_71","CPL","Other transects","C1b1","Nitrososphaeria",0
"BOX_7_71","CPL","Other transects","C1b1","Nitrospinia",0
"BOX_7_71","CPL","Other transects","C1b1","OM190",0
"BOX_7_71","CPL","Other transects","C1b1","Oligosphaeria",0
"BOX_7_71","CPL","Other transects","C1b1","Oxyphotobacteria",0
"BOX_7_71","CPL","Other transects","C1b1","Phycisphaerae",0
"BOX_7_71","CPL","Other transects","C1b1","Planctomycetacia",0
"BOX_7_71","CPL","Other transects","C1b1","Spirochaetia",0
"BOX_7_71","CPL","Other transects","C1b1","Thermoplasmata",0
"BOX_7_71","CPL","Other transects","C1b1","Verrucomicrobiae",5.52964690206529
"BOX_8_100","CBE","Other transects","C2b2","Acidimicrobiia",0
"BOX_8_100","CBE","Other transects","C2b2","Actinobacteria",0.0762905823514453
"BOX_8_100","CBE","Other transects","C2b2","Alphaproteobacteria",11.2147156056625
"BOX_8_100","CBE","Other transects","C2b2","Bacteroidia",29.7660422141222
"BOX_8_100","CBE","Other transects","C2b2","CPR2",0
"BOX_8_100","CBE","Other transects","C2b2","Campylobacteria",0
"BOX_8_100","CBE","Other transects","C2b2","Chitinivibrionia",0
"BOX_8_100","CBE","Other transects","C2b2","Clostridia",0
"BOX_8_100","CBE","Other transects","C2b2","Deltaproteobacteria",0.292447232347207
"BOX_8_100","CBE","Other transects","C2b2","Gammaproteobacteria",52.458252097991
"BOX_8_100","CBE","Other transects","C2b2","Gracilibacteria",0
"BOX_8_100","CBE","Other transects","C2b2","Kiritimatiellae",0
"BOX_8_100","CBE","Other transects","C2b2","Lentisphaeria",0
"BOX_8_100","CBE","Other transects","C2b2","Lokiarchaeia",0
"BOX_8_100","CBE","Other transects","C2b2","Marinimicrobia_(SAR406_clade)_cl",0
"BOX_8_100","CBE","Other transects","C2b2","Mollicutes",0
"BOX_8_100","CBE","Other transects","C2b2","Nitrososphaeria",0
"BOX_8_100","CBE","Other transects","C2b2","Nitrospinia",0
"BOX_8_100","CBE","Other transects","C2b2","OM190",0
"BOX_8_100","CBE","Other transects","C2b2","Oligosphaeria",0.178011358820039
"BOX_8_100","CBE","Other transects","C2b2","Oxyphotobacteria",0
"BOX_8_100","CBE","Other transects","C2b2","Phycisphaerae",0.385691277443418
"BOX_8_100","CBE","Other transects","C2b2","Planctomycetacia",0
"BOX_8_100","CBE","Other transects","C2b2","Spirochaetia",0
"BOX_8_100","CBE","Other transects","C2b2","Thermoplasmata",0
"BOX_8_100","CBE","Other transects","C2b2","Verrucomicrobiae",5.62854963126219
"BOX_8_44","CNL","Other transects","A1","Acidimicrobiia",0
"BOX_8_44","CNL","Other transects","A1","Actinobacteria",0
"BOX_8_44","CNL","Other transects","A1","Alphaproteobacteria",42.0161290322581
"BOX_8_44","CNL","Other transects","A1","Bacteroidia",0
"BOX_8_44","CNL","Other transects","A1","CPR2",0
"BOX_8_44","CNL","Other transects","A1","Campylobacteria",0
"BOX_8_44","CNL","Other transects","A1","Chitinivibrionia",0
"BOX_8_44","CNL","Other transects","A1","Clostridia",0
"BOX_8_44","CNL","Other transects","A1","Deltaproteobacteria",0
"BOX_8_44","CNL","Other transects","A1","Gammaproteobacteria",51.0887096774194
"BOX_8_44","CNL","Other transects","A1","Gracilibacteria",0
"BOX_8_44","CNL","Other transects","A1","Kiritimatiellae",0
"BOX_8_44","CNL","Other transects","A1","Lentisphaeria",0
"BOX_8_44","CNL","Other transects","A1","Lokiarchaeia",0
"BOX_8_44","CNL","Other transects","A1","Marinimicrobia_(SAR406_clade)_cl",0
"BOX_8_44","CNL","Other transects","A1","Mollicutes",0
"BOX_8_44","CNL","Other transects","A1","Nitrososphaeria",0
"BOX_8_44","CNL","Other transects","A1","Nitrospinia",0
"BOX_8_44","CNL","Other transects","A1","OM190",0
"BOX_8_44","CNL","Other transects","A1","Oligosphaeria",0
"BOX_8_44","CNL","Other transects","A1","Oxyphotobacteria",0
"BOX_8_44","CNL","Other transects","A1","Phycisphaerae",0
"BOX_8_44","CNL","Other transects","A1","Planctomycetacia",0
"BOX_8_44","CNL","Other transects","A1","Spirochaetia",0
"BOX_8_44","CNL","Other transects","A1","Thermoplasmata",0
"BOX_8_44","CNL","Other transects","A1","Verrucomicrobiae",6.89516129032258
"BOX_8_45","CNL","Other transects","B1","Acidimicrobiia",0
"BOX_8_45","CNL","Other transects","B1","Actinobacteria",0
"BOX_8_45","CNL","Other transects","B1","Alphaproteobacteria",21.0623891665323
"BOX_8_45","CNL","Other transects","B1","Bacteroidia",40.8108979526036
"BOX_8_45","CNL","Other transects","B1","CPR2",0
"BOX_8_45","CNL","Other transects","B1","Campylobacteria",0
"BOX_8_45","CNL","Other transects","B1","Chitinivibrionia",0
"BOX_8_45","CNL","Other transects","B1","Clostridia",0
"BOX_8_45","CNL","Other transects","B1","Deltaproteobacteria",0.241818474931485
"BOX_8_45","CNL","Other transects","B1","Gammaproteobacteria",31.0011284862163
"BOX_8_45","CNL","Other transects","B1","Gracilibacteria",0
"BOX_8_45","CNL","Other transects","B1","Kiritimatiellae",0
"BOX_8_45","CNL","Other transects","B1","Lentisphaeria",0
"BOX_8_45","CNL","Other transects","B1","Lokiarchaeia",0
"BOX_8_45","CNL","Other transects","B1","Marinimicrobia_(SAR406_clade)_cl",0.120909237465742
"BOX_8_45","CNL","Other transects","B1","Mollicutes",0
"BOX_8_45","CNL","Other transects","B1","Nitrososphaeria",0
"BOX_8_45","CNL","Other transects","B1","Nitrospinia",0
"BOX_8_45","CNL","Other transects","B1","OM190",0
"BOX_8_45","CNL","Other transects","B1","Oligosphaeria",0
"BOX_8_45","CNL","Other transects","B1","Oxyphotobacteria",0
"BOX_8_45","CNL","Other transects","B1","Phycisphaerae",0
"BOX_8_45","CNL","Other transects","B1","Planctomycetacia",0
"BOX_8_45","CNL","Other transects","B1","Spirochaetia",0
"BOX_8_45","CNL","Other transects","B1","Thermoplasmata",0
"BOX_8_45","CNL","Other transects","B1","Verrucomicrobiae",6.76285668225052
"BOX_8_46","CNL","Other transects","B1","Acidimicrobiia",0
"BOX_8_46","CNL","Other transects","B1","Actinobacteria",0
"BOX_8_46","CNL","Other transects","B1","Alphaproteobacteria",28.544712682761
"BOX_8_46","CNL","Other transects","B1","Bacteroidia",35.2941176470588
"BOX_8_46","CNL","Other transects","B1","CPR2",0
"BOX_8_46","CNL","Other transects","B1","Campylobacteria",0
"BOX_8_46","CNL","Other transects","B1","Chitinivibrionia",0
"BOX_8_46","CNL","Other transects","B1","Clostridia",0
"BOX_8_46","CNL","Other transects","B1","Deltaproteobacteria",0.0680040802448147
"BOX_8_46","CNL","Other transects","B1","Gammaproteobacteria",36.01666099966
"BOX_8_46","CNL","Other transects","B1","Gracilibacteria",0
"BOX_8_46","CNL","Other transects","B1","Kiritimatiellae",0
"BOX_8_46","CNL","Other transects","B1","Lentisphaeria",0
"BOX_8_46","CNL","Other transects","B1","Lokiarchaeia",0
"BOX_8_46","CNL","Other transects","B1","Marinimicrobia_(SAR406_clade)_cl",0.0765045902754165
"BOX_8_46","CNL","Other transects","B1","Mollicutes",0
"BOX_8_46","CNL","Other transects","B1","Nitrososphaeria",0
"BOX_8_46","CNL","Other transects","B1","Nitrospinia",0
"BOX_8_46","CNL","Other transects","B1","OM190",0
"BOX_8_46","CNL","Other transects","B1","Oligosphaeria",0
"BOX_8_46","CNL","Other transects","B1","Oxyphotobacteria",0
"BOX_8_46","CNL","Other transects","B1","Phycisphaerae",0
"BOX_8_46","CNL","Other transects","B1","Planctomycetacia",0
"BOX_8_46","CNL","Other transects","B1","Spirochaetia",0
"BOX_8_46","CNL","Other transects","B1","Thermoplasmata",0
"BOX_8_46","CNL","Other transects","B1","Verrucomicrobiae",0
"BOX_8_47","CPL","Other transects","B1","Acidimicrobiia",0
"BOX_8_47","CPL","Other transects","B1","Actinobacteria",0
"BOX_8_47","CPL","Other transects","B1","Alphaproteobacteria",23.1692494682467
"BOX_8_47","CPL","Other transects","B1","Bacteroidia",37.678517168034
"BOX_8_47","CPL","Other transects","B1","CPR2",0
"BOX_8_47","CPL","Other transects","B1","Campylobacteria",0.258280158006685
"BOX_8_47","CPL","Other transects","B1","Chitinivibrionia",0.486174415071407
"BOX_8_47","CPL","Other transects","B1","Clostridia",0
"BOX_8_47","CPL","Other transects","B1","Deltaproteobacteria",1.44333029474324
"BOX_8_47","CPL","Other transects","B1","Gammaproteobacteria",29.4591309632331
"BOX_8_47","CPL","Other transects","B1","Gracilibacteria",0
"BOX_8_47","CPL","Other transects","B1","Kiritimatiellae",0
"BOX_8_47","CPL","Other transects","B1","Lentisphaeria",0
"BOX_8_47","CPL","Other transects","B1","Lokiarchaeia",0
"BOX_8_47","CPL","Other transects","B1","Marinimicrobia_(SAR406_clade)_cl",0.0607718018839259
"BOX_8_47","CPL","Other transects","B1","Mollicutes",0
"BOX_8_47","CPL","Other transects","B1","Nitrososphaeria",0
"BOX_8_47","CPL","Other transects","B1","Nitrospinia",0
"BOX_8_47","CPL","Other transects","B1","OM190",0
"BOX_8_47","CPL","Other transects","B1","Oligosphaeria",0
"BOX_8_47","CPL","Other transects","B1","Oxyphotobacteria",0
"BOX_8_47","CPL","Other transects","B1","Phycisphaerae",0
"BOX_8_47","CPL","Other transects","B1","Planctomycetacia",0
"BOX_8_47","CPL","Other transects","B1","Spirochaetia",0
"BOX_8_47","CPL","Other transects","B1","Thermoplasmata",0
"BOX_8_47","CPL","Other transects","B1","Verrucomicrobiae",7.44454573078092
"BOX_8_48","CPL","Other transects","B2b","Acidimicrobiia",0
"BOX_8_48","CPL","Other transects","B2b","Actinobacteria",0
"BOX_8_48","CPL","Other transects","B2b","Alphaproteobacteria",21.9570928196147
"BOX_8_48","CPL","Other transects","B2b","Bacteroidia",41.6082895504962
"BOX_8_48","CPL","Other transects","B2b","CPR2",0
"BOX_8_48","CPL","Other transects","B2b","Campylobacteria",0
"BOX_8_48","CPL","Other transects","B2b","Chitinivibrionia",0
"BOX_8_48","CPL","Other transects","B2b","Clostridia",0
"BOX_8_48","CPL","Other transects","B2b","Deltaproteobacteria",0.0583771161704612
"BOX_8_48","CPL","Other transects","B2b","Gammaproteobacteria",26.7877991827204
"BOX_8_48","CPL","Other transects","B2b","Gracilibacteria",0
"BOX_8_48","CPL","Other transects","B2b","Kiritimatiellae",0
"BOX_8_48","CPL","Other transects","B2b","Lentisphaeria",0
"BOX_8_48","CPL","Other transects","B2b","Lokiarchaeia",0
"BOX_8_48","CPL","Other transects","B2b","Marinimicrobia_(SAR406_clade)_cl",0
"BOX_8_48","CPL","Other transects","B2b","Mollicutes",0
"BOX_8_48","CPL","Other transects","B2b","Nitrososphaeria",0
"BOX_8_48","CPL","Other transects","B2b","Nitrospinia",0
"BOX_8_48","CPL","Other transects","B2b","OM190",0
"BOX_8_48","CPL","Other transects","B2b","Oligosphaeria",0
"BOX_8_48","CPL","Other transects","B2b","Oxyphotobacteria",0
"BOX_8_48","CPL","Other transects","B2b","Phycisphaerae",0
"BOX_8_48","CPL","Other transects","B2b","Planctomycetacia",0
"BOX_8_48","CPL","Other transects","B2b","Spirochaetia",0
"BOX_8_48","CPL","Other transects","B2b","Thermoplasmata",0
"BOX_8_48","CPL","Other transects","B2b","Verrucomicrobiae",9.58844133099825
"BOX_8_49","CPL","Other transects","B2b","Acidimicrobiia",0
"BOX_8_49","CPL","Other transects","B2b","Actinobacteria",0
"BOX_8_49","CPL","Other transects","B2b","Alphaproteobacteria",20.3399697287228
"BOX_8_49","CPL","Other transects","B2b","Bacteroidia",37.3966701595063
"BOX_8_49","CPL","Other transects","B2b","CPR2",0
"BOX_8_49","CPL","Other transects","B2b","Campylobacteria",0
"BOX_8_49","CPL","Other transects","B2b","Chitinivibrionia",0
"BOX_8_49","CPL","Other transects","B2b","Clostridia",0
"BOX_8_49","CPL","Other transects","B2b","Deltaproteobacteria",0.151356386075212
"BOX_8_49","CPL","Other transects","B2b","Gammaproteobacteria",31.924554662941
"BOX_8_49","CPL","Other transects","B2b","Gracilibacteria",0
"BOX_8_49","CPL","Other transects","B2b","Kiritimatiellae",0
"BOX_8_49","CPL","Other transects","B2b","Lentisphaeria",0
"BOX_8_49","CPL","Other transects","B2b","Lokiarchaeia",0
"BOX_8_49","CPL","Other transects","B2b","Marinimicrobia_(SAR406_clade)_cl",0
"BOX_8_49","CPL","Other transects","B2b","Mollicutes",0
"BOX_8_49","CPL","Other transects","B2b","Nitrososphaeria",0
"BOX_8_49","CPL","Other transects","B2b","Nitrospinia",0
"BOX_8_49","CPL","Other transects","B2b","OM190",0
"BOX_8_49","CPL","Other transects","B2b","Oligosphaeria",0
"BOX_8_49","CPL","Other transects","B2b","Oxyphotobacteria",0
"BOX_8_49","CPL","Other transects","B2b","Phycisphaerae",0
"BOX_8_49","CPL","Other transects","B2b","Planctomycetacia",0
"BOX_8_49","CPL","Other transects","B2b","Spirochaetia",0
"BOX_8_49","CPL","Other transects","B2b","Thermoplasmata",0
"BOX_8_49","CPL","Other transects","B2b","Verrucomicrobiae",10.1874490627547
"BOX_8_50","CPL","Other transects","B2b","Acidimicrobiia",0
"BOX_8_50","CPL","Other transects","B2b","Actinobacteria",0
"BOX_8_50","CPL","Other transects","B2b","Alphaproteobacteria",14.820592823713
"BOX_8_50","CPL","Other transects","B2b","Bacteroidia",33.4477379095164
"BOX_8_50","CPL","Other transects","B2b","CPR2",0
"BOX_8_50","CPL","Other transects","B2b","Campylobacteria",0
"BOX_8_50","CPL","Other transects","B2b","Chitinivibrionia",0
"BOX_8_50","CPL","Other transects","B2b","Clostridia",0
"BOX_8_50","CPL","Other transects","B2b","Deltaproteobacteria",0.249609984399376
"BOX_8_50","CPL","Other transects","B2b","Gammaproteobacteria",43.7753510140406
"BOX_8_50","CPL","Other transects","B2b","Gracilibacteria",0
"BOX_8_50","CPL","Other transects","B2b","Kiritimatiellae",0
"BOX_8_50","CPL","Other transects","B2b","Lentisphaeria",0
"BOX_8_50","CPL","Other transects","B2b","Lokiarchaeia",0
"BOX_8_50","CPL","Other transects","B2b","Marinimicrobia_(SAR406_clade)_cl",0
"BOX_8_50","CPL","Other transects","B2b","Mollicutes",0
"BOX_8_50","CPL","Other transects","B2b","Nitrososphaeria",0
"BOX_8_50","CPL","Other transects","B2b","Nitrospinia",0
"BOX_8_50","CPL","Other transects","B2b","OM190",0
"BOX_8_50","CPL","Other transects","B2b","Oligosphaeria",0
"BOX_8_50","CPL","Other transects","B2b","Oxyphotobacteria",0
"BOX_8_50","CPL","Other transects","B2b","Phycisphaerae",0
"BOX_8_50","CPL","Other transects","B2b","Planctomycetacia",0
"BOX_8_50","CPL","Other transects","B2b","Spirochaetia",0
"BOX_8_50","CPL","Other transects","B2b","Thermoplasmata",0
"BOX_8_50","CPL","Other transects","B2b","Verrucomicrobiae",7.70670826833073
"BOX_8_52","CPL","Other transects","B2b","Acidimicrobiia",0
"BOX_8_52","CPL","Other transects","B2b","Actinobacteria",0
"BOX_8_52","CPL","Other transects","B2b","Alphaproteobacteria",20.8831311011769
"BOX_8_52","CPL","Other transects","B2b","Bacteroidia",32.898458169875
"BOX_8_52","CPL","Other transects","B2b","CPR2",0
"BOX_8_52","CPL","Other transects","B2b","Campylobacteria",0
"BOX_8_52","CPL","Other transects","B2b","Chitinivibrionia",0
"BOX_8_52","CPL","Other transects","B2b","Clostridia",0
"BOX_8_52","CPL","Other transects","B2b","Deltaproteobacteria",0.593011586534075
"BOX_8_52","CPL","Other transects","B2b","Gammaproteobacteria",45.625399142414
"BOX_8_52","CPL","Other transects","B2b","Gracilibacteria",0
"BOX_8_52","CPL","Other transects","B2b","Kiritimatiellae",0
"BOX_8_52","CPL","Other transects","B2b","Lentisphaeria",0
"BOX_8_52","CPL","Other transects","B2b","Lokiarchaeia",0
"BOX_8_52","CPL","Other transects","B2b","Marinimicrobia_(SAR406_clade)_cl",0
"BOX_8_52","CPL","Other transects","B2b","Mollicutes",0
"BOX_8_52","CPL","Other transects","B2b","Nitrososphaeria",0
"BOX_8_52","CPL","Other transects","B2b","Nitrospinia",0
"BOX_8_52","CPL","Other transects","B2b","OM190",0
"BOX_8_52","CPL","Other transects","B2b","Oligosphaeria",0
"BOX_8_52","CPL","Other transects","B2b","Oxyphotobacteria",0
"BOX_8_52","CPL","Other transects","B2b","Phycisphaerae",0
"BOX_8_52","CPL","Other transects","B2b","Planctomycetacia",0
"BOX_8_52","CPL","Other transects","B2b","Spirochaetia",0
"BOX_8_52","CPL","Other transects","B2b","Thermoplasmata",0
"BOX_8_52","CPL","Other transects","B2b","Verrucomicrobiae",0
"BOX_8_53","CPL","Other transects","C2a","Acidimicrobiia",0.637062019861345
"BOX_8_53","CPL","Other transects","C2a","Actinobacteria",2.07982012366498
"BOX_8_53","CPL","Other transects","C2a","Alphaproteobacteria",35.8909499718943
"BOX_8_53","CPL","Other transects","C2a","Bacteroidia",31.0005621135469
"BOX_8_53","CPL","Other transects","C2a","CPR2",0
"BOX_8_53","CPL","Other transects","C2a","Campylobacteria",0
"BOX_8_53","CPL","Other transects","C2a","Chitinivibrionia",0
"BOX_8_53","CPL","Other transects","C2a","Clostridia",0
"BOX_8_53","CPL","Other transects","C2a","Deltaproteobacteria",0
"BOX_8_53","CPL","Other transects","C2a","Gammaproteobacteria",28.5085253887952
"BOX_8_53","CPL","Other transects","C2a","Gracilibacteria",0.159265504965336
"BOX_8_53","CPL","Other transects","C2a","Kiritimatiellae",0
"BOX_8_53","CPL","Other transects","C2a","Lentisphaeria",0
"BOX_8_53","CPL","Other transects","C2a","Lokiarchaeia",0
"BOX_8_53","CPL","Other transects","C2a","Marinimicrobia_(SAR406_clade)_cl",0
"BOX_8_53","CPL","Other transects","C2a","Mollicutes",0
"BOX_8_53","CPL","Other transects","C2a","Nitrososphaeria",0
"BOX_8_53","CPL","Other transects","C2a","Nitrospinia",0
"BOX_8_53","CPL","Other transects","C2a","OM190",0
"BOX_8_53","CPL","Other transects","C2a","Oligosphaeria",0
"BOX_8_53","CPL","Other transects","C2a","Oxyphotobacteria",0
"BOX_8_53","CPL","Other transects","C2a","Phycisphaerae",0.243582537005808
"BOX_8_53","CPL","Other transects","C2a","Planctomycetacia",0
"BOX_8_53","CPL","Other transects","C2a","Spirochaetia",0.103054150271688
"BOX_8_53","CPL","Other transects","C2a","Thermoplasmata",0
"BOX_8_53","CPL","Other transects","C2a","Verrucomicrobiae",1.37717818999438
"BOX_8_54","CNL","Other transects","A2","Acidimicrobiia",0
"BOX_8_54","CNL","Other transects","A2","Actinobacteria",0
"BOX_8_54","CNL","Other transects","A2","Alphaproteobacteria",48.5714285714286
"BOX_8_54","CNL","Other transects","A2","Bacteroidia",0
"BOX_8_54","CNL","Other transects","A2","CPR2",0
"BOX_8_54","CNL","Other transects","A2","Campylobacteria",0
"BOX_8_54","CNL","Other transects","A2","Chitinivibrionia",0
"BOX_8_54","CNL","Other transects","A2","Clostridia",0
"BOX_8_54","CNL","Other transects","A2","Deltaproteobacteria",0.645792563600783
"BOX_8_54","CNL","Other transects","A2","Gammaproteobacteria",50.7827788649706
"BOX_8_54","CNL","Other transects","A2","Gracilibacteria",0
"BOX_8_54","CNL","Other transects","A2","Kiritimatiellae",0
"BOX_8_54","CNL","Other transects","A2","Lentisphaeria",0
"BOX_8_54","CNL","Other transects","A2","Lokiarchaeia",0
"BOX_8_54","CNL","Other transects","A2","Marinimicrobia_(SAR406_clade)_cl",0
"BOX_8_54","CNL","Other transects","A2","Mollicutes",0
"BOX_8_54","CNL","Other transects","A2","Nitrososphaeria",0
"BOX_8_54","CNL","Other transects","A2","Nitrospinia",0
"BOX_8_54","CNL","Other transects","A2","OM190",0
"BOX_8_54","CNL","Other transects","A2","Oligosphaeria",0
"BOX_8_54","CNL","Other transects","A2","Oxyphotobacteria",0
"BOX_8_54","CNL","Other transects","A2","Phycisphaerae",0
"BOX_8_54","CNL","Other transects","A2","Planctomycetacia",0
"BOX_8_54","CNL","Other transects","A2","Spirochaetia",0
"BOX_8_54","CNL","Other transects","A2","Thermoplasmata",0
"BOX_8_54","CNL","Other transects","A2","Verrucomicrobiae",0
"BOX_8_55","CBW","Other transects","B1","Acidimicrobiia",0
"BOX_8_55","CBW","Other transects","B1","Actinobacteria",0
"BOX_8_55","CBW","Other transects","B1","Alphaproteobacteria",26.3854129424383
"BOX_8_55","CBW","Other transects","B1","Bacteroidia",35.7406745322369
"BOX_8_55","CBW","Other transects","B1","CPR2",0
"BOX_8_55","CBW","Other transects","B1","Campylobacteria",0
"BOX_8_55","CBW","Other transects","B1","Chitinivibrionia",0.0476701227505661
"BOX_8_55","CBW","Other transects","B1","Clostridia",0
"BOX_8_55","CBW","Other transects","B1","Deltaproteobacteria",0
"BOX_8_55","CBW","Other transects","B1","Gammaproteobacteria",34.8468597306638
"BOX_8_55","CBW","Other transects","B1","Gracilibacteria",0
"BOX_8_55","CBW","Other transects","B1","Kiritimatiellae",0
"BOX_8_55","CBW","Other transects","B1","Lentisphaeria",0
"BOX_8_55","CBW","Other transects","B1","Lokiarchaeia",0
"BOX_8_55","CBW","Other transects","B1","Marinimicrobia_(SAR406_clade)_cl",0.15492789893934
"BOX_8_55","CBW","Other transects","B1","Mollicutes",0
"BOX_8_55","CBW","Other transects","B1","Nitrososphaeria",0
"BOX_8_55","CBW","Other transects","B1","Nitrospinia",0
"BOX_8_55","CBW","Other transects","B1","OM190",0
"BOX_8_55","CBW","Other transects","B1","Oligosphaeria",0
"BOX_8_55","CBW","Other transects","B1","Oxyphotobacteria",0
"BOX_8_55","CBW","Other transects","B1","Phycisphaerae",0
"BOX_8_55","CBW","Other transects","B1","Planctomycetacia",0
"BOX_8_55","CBW","Other transects","B1","Spirochaetia",0
"BOX_8_55","CBW","Other transects","B1","Thermoplasmata",0
"BOX_8_55","CBW","Other transects","B1","Verrucomicrobiae",2.82445477297104
"BOX_8_56","CBW","Other transects","B1","Acidimicrobiia",0
"BOX_8_56","CBW","Other transects","B1","Actinobacteria",0
"BOX_8_56","CBW","Other transects","B1","Alphaproteobacteria",19.4499504459861
"BOX_8_56","CBW","Other transects","B1","Bacteroidia",38.6521308225966
"BOX_8_56","CBW","Other transects","B1","CPR2",0
"BOX_8_56","CBW","Other transects","B1","Campylobacteria",0
"BOX_8_56","CBW","Other transects","B1","Chitinivibrionia",0
"BOX_8_56","CBW","Other transects","B1","Clostridia",0
"BOX_8_56","CBW","Other transects","B1","Deltaproteobacteria",0.297324083250743
"BOX_8_56","CBW","Other transects","B1","Gammaproteobacteria",40.4278163197886
"BOX_8_56","CBW","Other transects","B1","Gracilibacteria",0
"BOX_8_56","CBW","Other transects","B1","Kiritimatiellae",0
"BOX_8_56","CBW","Other transects","B1","Lentisphaeria",0
"BOX_8_56","CBW","Other transects","B1","Lokiarchaeia",0
"BOX_8_56","CBW","Other transects","B1","Marinimicrobia_(SAR406_clade)_cl",0.429468120251074
"BOX_8_56","CBW","Other transects","B1","Mollicutes",0
"BOX_8_56","CBW","Other transects","B1","Nitrososphaeria",0
"BOX_8_56","CBW","Other transects","B1","Nitrospinia",0
"BOX_8_56","CBW","Other transects","B1","OM190",0
"BOX_8_56","CBW","Other transects","B1","Oligosphaeria",0
"BOX_8_56","CBW","Other transects","B1","Oxyphotobacteria",0
"BOX_8_56","CBW","Other transects","B1","Phycisphaerae",0
"BOX_8_56","CBW","Other transects","B1","Planctomycetacia",0
"BOX_8_56","CBW","Other transects","B1","Spirochaetia",0
"BOX_8_56","CBW","Other transects","B1","Thermoplasmata",0
"BOX_8_56","CBW","Other transects","B1","Verrucomicrobiae",0.743310208126858
"BOX_8_57","CBW","Other transects","A1","Acidimicrobiia",0
"BOX_8_57","CBW","Other transects","A1","Actinobacteria",0
"BOX_8_57","CBW","Other transects","A1","Alphaproteobacteria",54.3213457076566
"BOX_8_57","CBW","Other transects","A1","Bacteroidia",13.7180974477958
"BOX_8_57","CBW","Other transects","A1","CPR2",0
"BOX_8_57","CBW","Other transects","A1","Campylobacteria",0
"BOX_8_57","CBW","Other transects","A1","Chitinivibrionia",0
"BOX_8_57","CBW","Other transects","A1","Clostridia",0
"BOX_8_57","CBW","Other transects","A1","Deltaproteobacteria",0.275522041763341
"BOX_8_57","CBW","Other transects","A1","Gammaproteobacteria",31.6850348027842
"BOX_8_57","CBW","Other transects","A1","Gracilibacteria",0
"BOX_8_57","CBW","Other transects","A1","Kiritimatiellae",0
"BOX_8_57","CBW","Other transects","A1","Lentisphaeria",0
"BOX_8_57","CBW","Other transects","A1","Lokiarchaeia",0
"BOX_8_57","CBW","Other transects","A1","Marinimicrobia_(SAR406_clade)_cl",0
"BOX_8_57","CBW","Other transects","A1","Mollicutes",0
"BOX_8_57","CBW","Other transects","A1","Nitrososphaeria",0
"BOX_8_57","CBW","Other transects","A1","Nitrospinia",0
"BOX_8_57","CBW","Other transects","A1","OM190",0
"BOX_8_57","CBW","Other transects","A1","Oligosphaeria",0
"BOX_8_57","CBW","Other transects","A1","Oxyphotobacteria",0
"BOX_8_57","CBW","Other transects","A1","Phycisphaerae",0
"BOX_8_57","CBW","Other transects","A1","Planctomycetacia",0
"BOX_8_57","CBW","Other transects","A1","Spirochaetia",0
"BOX_8_57","CBW","Other transects","A1","Thermoplasmata",0
"BOX_8_57","CBW","Other transects","A1","Verrucomicrobiae",0
"BOX_8_58","DBO1","Other transects","B1","Acidimicrobiia",0
"BOX_8_58","DBO1","Other transects","B1","Actinobacteria",0
"BOX_8_58","DBO1","Other transects","B1","Alphaproteobacteria",20.7882011605416
"BOX_8_58","DBO1","Other transects","B1","Bacteroidia",37.0454545454545
"BOX_8_58","DBO1","Other transects","B1","CPR2",0
"BOX_8_58","DBO1","Other transects","B1","Campylobacteria",0
"BOX_8_58","DBO1","Other transects","B1","Chitinivibrionia",0
"BOX_8_58","DBO1","Other transects","B1","Clostridia",0
"BOX_8_58","DBO1","Other transects","B1","Deltaproteobacteria",0.493230174081238
"BOX_8_58","DBO1","Other transects","B1","Gammaproteobacteria",40.6141199226306
"BOX_8_58","DBO1","Other transects","B1","Gracilibacteria",0
"BOX_8_58","DBO1","Other transects","B1","Kiritimatiellae",0
"BOX_8_58","DBO1","Other transects","B1","Lentisphaeria",0
"BOX_8_58","DBO1","Other transects","B1","Lokiarchaeia",0
"BOX_8_58","DBO1","Other transects","B1","Marinimicrobia_(SAR406_clade)_cl",0.362669245647969
"BOX_8_58","DBO1","Other transects","B1","Mollicutes",0
"BOX_8_58","DBO1","Other transects","B1","Nitrososphaeria",0
"BOX_8_58","DBO1","Other transects","B1","Nitrospinia",0
"BOX_8_58","DBO1","Other transects","B1","OM190",0
"BOX_8_58","DBO1","Other transects","B1","Oligosphaeria",0
"BOX_8_58","DBO1","Other transects","B1","Oxyphotobacteria",0
"BOX_8_58","DBO1","Other transects","B1","Phycisphaerae",0
"BOX_8_58","DBO1","Other transects","B1","Planctomycetacia",0
"BOX_8_58","DBO1","Other transects","B1","Spirochaetia",0
"BOX_8_58","DBO1","Other transects","B1","Thermoplasmata",0
"BOX_8_58","DBO1","Other transects","B1","Verrucomicrobiae",0.696324951644101
"BOX_8_59","DBO2","Other transects","A1","Acidimicrobiia",0
"BOX_8_59","DBO2","Other transects","A1","Actinobacteria",0
"BOX_8_59","DBO2","Other transects","A1","Alphaproteobacteria",20.641447368421
"BOX_8_59","DBO2","Other transects","A1","Bacteroidia",0
"BOX_8_59","DBO2","Other transects","A1","CPR2",0
"BOX_8_59","DBO2","Other transects","A1","Campylobacteria",0
"BOX_8_59","DBO2","Other transects","A1","Chitinivibrionia",0
"BOX_8_59","DBO2","Other transects","A1","Clostridia",0
"BOX_8_59","DBO2","Other transects","A1","Deltaproteobacteria",0.24671052631579
"BOX_8_59","DBO2","Other transects","A1","Gammaproteobacteria",79.1118421052632
"BOX_8_59","DBO2","Other transects","A1","Gracilibacteria",0
"BOX_8_59","DBO2","Other transects","A1","Kiritimatiellae",0
"BOX_8_59","DBO2","Other transects","A1","Lentisphaeria",0
"BOX_8_59","DBO2","Other transects","A1","Lokiarchaeia",0
"BOX_8_59","DBO2","Other transects","A1","Marinimicrobia_(SAR406_clade)_cl",0
"BOX_8_59","DBO2","Other transects","A1","Mollicutes",0
"BOX_8_59","DBO2","Other transects","A1","Nitrososphaeria",0
"BOX_8_59","DBO2","Other transects","A1","Nitrospinia",0
"BOX_8_59","DBO2","Other transects","A1","OM190",0
"BOX_8_59","DBO2","Other transects","A1","Oligosphaeria",0
"BOX_8_59","DBO2","Other transects","A1","Oxyphotobacteria",0
"BOX_8_59","DBO2","Other transects","A1","Phycisphaerae",0
"BOX_8_59","DBO2","Other transects","A1","Planctomycetacia",0
"BOX_8_59","DBO2","Other transects","A1","Spirochaetia",0
"BOX_8_59","DBO2","Other transects","A1","Thermoplasmata",0
"BOX_8_59","DBO2","Other transects","A1","Verrucomicrobiae",0
"BOX_8_60","DBO2","Other transects","A1","Acidimicrobiia",0
"BOX_8_60","DBO2","Other transects","A1","Actinobacteria",0
"BOX_8_60","DBO2","Other transects","A1","Alphaproteobacteria",44.4773592890394
"BOX_8_60","DBO2","Other transects","A1","Bacteroidia",2.50740584003386
"BOX_8_60","DBO2","Other transects","A1","CPR2",0
"BOX_8_60","DBO2","Other transects","A1","Campylobacteria",0
"BOX_8_60","DBO2","Other transects","A1","Chitinivibrionia",0
"BOX_8_60","DBO2","Other transects","A1","Clostridia",0
"BOX_8_60","DBO2","Other transects","A1","Deltaproteobacteria",0
"BOX_8_60","DBO2","Other transects","A1","Gammaproteobacteria",51.5234870926788
"BOX_8_60","DBO2","Other transects","A1","Gracilibacteria",0
"BOX_8_60","DBO2","Other transects","A1","Kiritimatiellae",0
"BOX_8_60","DBO2","Other transects","A1","Lentisphaeria",0
"BOX_8_60","DBO2","Other transects","A1","Lokiarchaeia",0
"BOX_8_60","DBO2","Other transects","A1","Marinimicrobia_(SAR406_clade)_cl",0
"BOX_8_60","DBO2","Other transects","A1","Mollicutes",0
"BOX_8_60","DBO2","Other transects","A1","Nitrososphaeria",0
"BOX_8_60","DBO2","Other transects","A1","Nitrospinia",0
"BOX_8_60","DBO2","Other transects","A1","OM190",0
"BOX_8_60","DBO2","Other transects","A1","Oligosphaeria",0
"BOX_8_60","DBO2","Other transects","A1","Oxyphotobacteria",0
"BOX_8_60","DBO2","Other transects","A1","Phycisphaerae",0
"BOX_8_60","DBO2","Other transects","A1","Planctomycetacia",0
"BOX_8_60","DBO2","Other transects","A1","Spirochaetia",0
"BOX_8_60","DBO2","Other transects","A1","Thermoplasmata",0
"BOX_8_60","DBO2","Other transects","A1","Verrucomicrobiae",1.49174777824799
"BOX_8_61","DBO2","Other transects","A1","Acidimicrobiia",0
"BOX_8_61","DBO2","Other transects","A1","Actinobacteria",0
"BOX_8_61","DBO2","Other transects","A1","Alphaproteobacteria",40.9482084180879
"BOX_8_61","DBO2","Other transects","A1","Bacteroidia",14.4578313253012
"BOX_8_61","DBO2","Other transects","A1","CPR2",0
"BOX_8_61","DBO2","Other transects","A1","Campylobacteria",0
"BOX_8_61","DBO2","Other transects","A1","Chitinivibrionia",0
"BOX_8_61","DBO2","Other transects","A1","Clostridia",0
"BOX_8_61","DBO2","Other transects","A1","Deltaproteobacteria",0
"BOX_8_61","DBO2","Other transects","A1","Gammaproteobacteria",44.5939602566109
"BOX_8_61","DBO2","Other transects","A1","Gracilibacteria",0
"BOX_8_61","DBO2","Other transects","A1","Kiritimatiellae",0
"BOX_8_61","DBO2","Other transects","A1","Lentisphaeria",0
"BOX_8_61","DBO2","Other transects","A1","Lokiarchaeia",0
"BOX_8_61","DBO2","Other transects","A1","Marinimicrobia_(SAR406_clade)_cl",0
"BOX_8_61","DBO2","Other transects","A1","Mollicutes",0
"BOX_8_61","DBO2","Other transects","A1","Nitrososphaeria",0
"BOX_8_61","DBO2","Other transects","A1","Nitrospinia",0
"BOX_8_61","DBO2","Other transects","A1","OM190",0
"BOX_8_61","DBO2","Other transects","A1","Oligosphaeria",0
"BOX_8_61","DBO2","Other transects","A1","Oxyphotobacteria",0
"BOX_8_61","DBO2","Other transects","A1","Phycisphaerae",0
"BOX_8_61","DBO2","Other transects","A1","Planctomycetacia",0
"BOX_8_61","DBO2","Other transects","A1","Spirochaetia",0
"BOX_8_61","DBO2","Other transects","A1","Thermoplasmata",0
"BOX_8_61","DBO2","Other transects","A1","Verrucomicrobiae",0
"BOX_8_62","DBO2","Other transects","C2b2","Acidimicrobiia",0
"BOX_8_62","DBO2","Other transects","C2b2","Actinobacteria",0
"BOX_8_62","DBO2","Other transects","C2b2","Alphaproteobacteria",16.771178419309
"BOX_8_62","DBO2","Other transects","C2b2","Bacteroidia",32.6194983435873
"BOX_8_62","DBO2","Other transects","C2b2","CPR2",0
"BOX_8_62","DBO2","Other transects","C2b2","Campylobacteria",0
"BOX_8_62","DBO2","Other transects","C2b2","Chitinivibrionia",0
"BOX_8_62","DBO2","Other transects","C2b2","Clostridia",0
"BOX_8_62","DBO2","Other transects","C2b2","Deltaproteobacteria",0.22479886417416
"BOX_8_62","DBO2","Other transects","C2b2","Gammaproteobacteria",48.7103644107904
"BOX_8_62","DBO2","Other transects","C2b2","Gracilibacteria",0.0828206341694274
"BOX_8_62","DBO2","Other transects","C2b2","Kiritimatiellae",0
"BOX_8_62","DBO2","Other transects","C2b2","Lentisphaeria",0
"BOX_8_62","DBO2","Other transects","C2b2","Lokiarchaeia",0
"BOX_8_62","DBO2","Other transects","C2b2","Marinimicrobia_(SAR406_clade)_cl",0
"BOX_8_62","DBO2","Other transects","C2b2","Mollicutes",0.33719829626124
"BOX_8_62","DBO2","Other transects","C2b2","Nitrososphaeria",0
"BOX_8_62","DBO2","Other transects","C2b2","Nitrospinia",0
"BOX_8_62","DBO2","Other transects","C2b2","OM190",0
"BOX_8_62","DBO2","Other transects","C2b2","Oligosphaeria",0
"BOX_8_62","DBO2","Other transects","C2b2","Oxyphotobacteria",0
"BOX_8_62","DBO2","Other transects","C2b2","Phycisphaerae",0.171557027922385
"BOX_8_62","DBO2","Other transects","C2b2","Planctomycetacia",0
"BOX_8_62","DBO2","Other transects","C2b2","Spirochaetia",0.183388547089446
"BOX_8_62","DBO2","Other transects","C2b2","Thermoplasmata",0
"BOX_8_62","DBO2","Other transects","C2b2","Verrucomicrobiae",0.89919545669664
"BOX_8_64","CBE","Other transects","C1b2","Acidimicrobiia",0
"BOX_8_64","CBE","Other transects","C1b2","Actinobacteria",0
"BOX_8_64","CBE","Other transects","C1b2","Alphaproteobacteria",23.0066603235014
"BOX_8_64","CBE","Other transects","C1b2","Bacteroidia",31.7031398667935
"BOX_8_64","CBE","Other transects","C1b2","CPR2",0
"BOX_8_64","CBE","Other transects","C1b2","Campylobacteria",0
"BOX_8_64","CBE","Other transects","C1b2","Chitinivibrionia",0
"BOX_8_64","CBE","Other transects","C1b2","Clostridia",0.827783063748811
"BOX_8_64","CBE","Other transects","C1b2","Deltaproteobacteria",0.65651760228354
"BOX_8_64","CBE","Other transects","C1b2","Gammaproteobacteria",29.6479543292103
"BOX_8_64","CBE","Other transects","C1b2","Gracilibacteria",0
"BOX_8_64","CBE","Other transects","C1b2","Kiritimatiellae",0
"BOX_8_64","CBE","Other transects","C1b2","Lentisphaeria",0
"BOX_8_64","CBE","Other transects","C1b2","Lokiarchaeia",0
"BOX_8_64","CBE","Other transects","C1b2","Marinimicrobia_(SAR406_clade)_cl",0.199809705042816
"BOX_8_64","CBE","Other transects","C1b2","Mollicutes",11.0085632730733
"BOX_8_64","CBE","Other transects","C1b2","Nitrososphaeria",0.808753568030447
"BOX_8_64","CBE","Other transects","C1b2","Nitrospinia",0
"BOX_8_64","CBE","Other transects","C1b2","OM190",0
"BOX_8_64","CBE","Other transects","C1b2","Oligosphaeria",0
"BOX_8_64","CBE","Other transects","C1b2","Oxyphotobacteria",0.532825880114177
"BOX_8_64","CBE","Other transects","C1b2","Phycisphaerae",0.237868696479543
"BOX_8_64","CBE","Other transects","C1b2","Planctomycetacia",0
"BOX_8_64","CBE","Other transects","C1b2","Spirochaetia",0.513796384395814
"BOX_8_64","CBE","Other transects","C1b2","Thermoplasmata",0.123691722169363
"BOX_8_64","CBE","Other transects","C1b2","Verrucomicrobiae",0.732635585156993
"BOX_8_65","CBE","Other transects","C1b2","Acidimicrobiia",0
"BOX_8_65","CBE","Other transects","C1b2","Actinobacteria",0
"BOX_8_65","CBE","Other transects","C1b2","Alphaproteobacteria",21.1882072662299
"BOX_8_65","CBE","Other transects","C1b2","Bacteroidia",32.9064919594997
"BOX_8_65","CBE","Other transects","C1b2","CPR2",0
"BOX_8_65","CBE","Other transects","C1b2","Campylobacteria",0
"BOX_8_65","CBE","Other transects","C1b2","Chitinivibrionia",0
"BOX_8_65","CBE","Other transects","C1b2","Clostridia",0.446694460988684
"BOX_8_65","CBE","Other transects","C1b2","Deltaproteobacteria",1.01250744490768
"BOX_8_65","CBE","Other transects","C1b2","Gammaproteobacteria",38.7284097677189
"BOX_8_65","CBE","Other transects","C1b2","Gracilibacteria",0
"BOX_8_65","CBE","Other transects","C1b2","Kiritimatiellae",0
"BOX_8_65","CBE","Other transects","C1b2","Lentisphaeria",0
"BOX_8_65","CBE","Other transects","C1b2","Lokiarchaeia",0
"BOX_8_65","CBE","Other transects","C1b2","Marinimicrobia_(SAR406_clade)_cl",0
"BOX_8_65","CBE","Other transects","C1b2","Mollicutes",3.32042882668255
"BOX_8_65","CBE","Other transects","C1b2","Nitrososphaeria",1.36986301369863
"BOX_8_65","CBE","Other transects","C1b2","Nitrospinia",0
"BOX_8_65","CBE","Other transects","C1b2","OM190",0
"BOX_8_65","CBE","Other transects","C1b2","Oligosphaeria",0
"BOX_8_65","CBE","Other transects","C1b2","Oxyphotobacteria",0.402025014889815
"BOX_8_65","CBE","Other transects","C1b2","Phycisphaerae",0
"BOX_8_65","CBE","Other transects","C1b2","Planctomycetacia",0
"BOX_8_65","CBE","Other transects","C1b2","Spirochaetia",0
"BOX_8_65","CBE","Other transects","C1b2","Thermoplasmata",0
"BOX_8_65","CBE","Other transects","C1b2","Verrucomicrobiae",0.625372245384157
"BOX_8_66","DBO2","Other transects","C2a","Acidimicrobiia",0.287575561946123
"BOX_8_66","DBO2","Other transects","C2a","Actinobacteria",0.211280004695111
"BOX_8_66","DBO2","Other transects","C2a","Alphaproteobacteria",20.136158225248
"BOX_8_66","DBO2","Other transects","C2a","Bacteroidia",28.0239450671988
"BOX_8_66","DBO2","Other transects","C2a","CPR2",0
"BOX_8_66","DBO2","Other transects","C2a","Campylobacteria",0
"BOX_8_66","DBO2","Other transects","C2a","Chitinivibrionia",0
"BOX_8_66","DBO2","Other transects","C2a","Clostridia",0
"BOX_8_66","DBO2","Other transects","C2a","Deltaproteobacteria",0.25823111684958
"BOX_8_66","DBO2","Other transects","C2a","Gammaproteobacteria",48.013381066964
"BOX_8_66","DBO2","Other transects","C2a","Gracilibacteria",0
"BOX_8_66","DBO2","Other transects","C2a","Kiritimatiellae",0
"BOX_8_66","DBO2","Other transects","C2a","Lentisphaeria",0
"BOX_8_66","DBO2","Other transects","C2a","Lokiarchaeia",0
"BOX_8_66","DBO2","Other transects","C2a","Marinimicrobia_(SAR406_clade)_cl",0
"BOX_8_66","DBO2","Other transects","C2a","Mollicutes",0
"BOX_8_66","DBO2","Other transects","C2a","Nitrososphaeria",0
"BOX_8_66","DBO2","Other transects","C2a","Nitrospinia",0
"BOX_8_66","DBO2","Other transects","C2a","OM190",0
"BOX_8_66","DBO2","Other transects","C2a","Oligosphaeria",0
"BOX_8_66","DBO2","Other transects","C2a","Oxyphotobacteria",0
"BOX_8_66","DBO2","Other transects","C2a","Phycisphaerae",0
"BOX_8_66","DBO2","Other transects","C2a","Planctomycetacia",0
"BOX_8_66","DBO2","Other transects","C2a","Spirochaetia",0.123246669405482
"BOX_8_66","DBO2","Other transects","C2a","Thermoplasmata",0
"BOX_8_66","DBO2","Other transects","C2a","Verrucomicrobiae",2.94618228769294
"BOX_8_67","DBO2","Other transects","C2a","Acidimicrobiia",0.408847887619247
"BOX_8_67","DBO2","Other transects","C2a","Actinobacteria",0
"BOX_8_67","DBO2","Other transects","C2a","Alphaproteobacteria",23.5139951776916
"BOX_8_67","DBO2","Other transects","C2a","Bacteroidia",21.8052206730265
"BOX_8_67","DBO2","Other transects","C2a","CPR2",0
"BOX_8_67","DBO2","Other transects","C2a","Campylobacteria",0
"BOX_8_67","DBO2","Other transects","C2a","Chitinivibrionia",0
"BOX_8_67","DBO2","Other transects","C2a","Clostridia",0
"BOX_8_67","DBO2","Other transects","C2a","Deltaproteobacteria",0.36691477094035
"BOX_8_67","DBO2","Other transects","C2a","Gammaproteobacteria",48.9254638851033
"BOX_8_67","DBO2","Other transects","C2a","Gracilibacteria",0.209665583394486
"BOX_8_67","DBO2","Other transects","C2a","Kiritimatiellae",0
"BOX_8_67","DBO2","Other transects","C2a","Lentisphaeria",0
"BOX_8_67","DBO2","Other transects","C2a","Lokiarchaeia",0
"BOX_8_67","DBO2","Other transects","C2a","Marinimicrobia_(SAR406_clade)_cl",0
"BOX_8_67","DBO2","Other transects","C2a","Mollicutes",0
"BOX_8_67","DBO2","Other transects","C2a","Nitrososphaeria",0
"BOX_8_67","DBO2","Other transects","C2a","Nitrospinia",0
"BOX_8_67","DBO2","Other transects","C2a","OM190",0
"BOX_8_67","DBO2","Other transects","C2a","Oligosphaeria",0
"BOX_8_67","DBO2","Other transects","C2a","Oxyphotobacteria",0
"BOX_8_67","DBO2","Other transects","C2a","Phycisphaerae",0
"BOX_8_67","DBO2","Other transects","C2a","Planctomycetacia",0
"BOX_8_67","DBO2","Other transects","C2a","Spirochaetia",0.241115420903659
"BOX_8_67","DBO2","Other transects","C2a","Thermoplasmata",0
"BOX_8_67","DBO2","Other transects","C2a","Verrucomicrobiae",4.52877660132089
"BOX_8_68","CL","Other transects","C2b2","Acidimicrobiia",0
"BOX_8_68","CL","Other transects","C2b2","Actinobacteria",0.253857640617222
"BOX_8_68","CL","Other transects","C2b2","Alphaproteobacteria",18.5714285714286
"BOX_8_68","CL","Other transects","C2b2","Bacteroidia",38.0288700846192
"BOX_8_68","CL","Other transects","C2b2","CPR2",0
"BOX_8_68","CL","Other transects","C2b2","Campylobacteria",0
"BOX_8_68","CL","Other transects","C2b2","Chitinivibrionia",0
"BOX_8_68","CL","Other transects","C2b2","Clostridia",0
"BOX_8_68","CL","Other transects","C2b2","Deltaproteobacteria",0.079641612742658
"BOX_8_68","CL","Other transects","C2b2","Gammaproteobacteria",42.667994026879
"BOX_8_68","CL","Other transects","C2b2","Gracilibacteria",0
"BOX_8_68","CL","Other transects","C2b2","Kiritimatiellae",0
"BOX_8_68","CL","Other transects","C2b2","Lentisphaeria",0
"BOX_8_68","CL","Other transects","C2b2","Lokiarchaeia",0
"BOX_8_68","CL","Other transects","C2b2","Marinimicrobia_(SAR406_clade)_cl",0
"BOX_8_68","CL","Other transects","C2b2","Mollicutes",0
"BOX_8_68","CL","Other transects","C2b2","Nitrososphaeria",0
"BOX_8_68","CL","Other transects","C2b2","Nitrospinia",0
"BOX_8_68","CL","Other transects","C2b2","OM190",0
"BOX_8_68","CL","Other transects","C2b2","Oligosphaeria",0
"BOX_8_68","CL","Other transects","C2b2","Oxyphotobacteria",0
"BOX_8_68","CL","Other transects","C2b2","Phycisphaerae",0
"BOX_8_68","CL","Other transects","C2b2","Planctomycetacia",0
"BOX_8_68","CL","Other transects","C2b2","Spirochaetia",0
"BOX_8_68","CL","Other transects","C2b2","Thermoplasmata",0
"BOX_8_68","CL","Other transects","C2b2","Verrucomicrobiae",0.39820806371329
"BOX_8_69","CL","Other transects","B2b","Acidimicrobiia",0
"BOX_8_69","CL","Other transects","B2b","Actinobacteria",0
"BOX_8_69","CL","Other transects","B2b","Alphaproteobacteria",13.8450265616413
"BOX_8_69","CL","Other transects","B2b","Bacteroidia",38.9705074189412
"BOX_8_69","CL","Other transects","B2b","CPR2",0
"BOX_8_69","CL","Other transects","B2b","Campylobacteria",0
"BOX_8_69","CL","Other transects","B2b","Chitinivibrionia",0
"BOX_8_69","CL","Other transects","B2b","Clostridia",0
"BOX_8_69","CL","Other transects","B2b","Deltaproteobacteria",0.157538010624656
"BOX_8_69","CL","Other transects","B2b","Gammaproteobacteria",47.0269280087928
"BOX_8_69","CL","Other transects","B2b","Gracilibacteria",0
"BOX_8_69","CL","Other transects","B2b","Kiritimatiellae",0
"BOX_8_69","CL","Other transects","B2b","Lentisphaeria",0
"BOX_8_69","CL","Other transects","B2b","Lokiarchaeia",0
"BOX_8_69","CL","Other transects","B2b","Marinimicrobia_(SAR406_clade)_cl",0
"BOX_8_69","CL","Other transects","B2b","Mollicutes",0
"BOX_8_69","CL","Other transects","B2b","Nitrososphaeria",0
"BOX_8_69","CL","Other transects","B2b","Nitrospinia",0
"BOX_8_69","CL","Other transects","B2b","OM190",0
"BOX_8_69","CL","Other transects","B2b","Oligosphaeria",0
"BOX_8_69","CL","Other transects","B2b","Oxyphotobacteria",0
"BOX_8_69","CL","Other transects","B2b","Phycisphaerae",0
"BOX_8_69","CL","Other transects","B2b","Planctomycetacia",0
"BOX_8_69","CL","Other transects","B2b","Spirochaetia",0
"BOX_8_69","CL","Other transects","B2b","Thermoplasmata",0
"BOX_8_69","CL","Other transects","B2b","Verrucomicrobiae",0
"BOX_8_70","CL","Other transects","B2b","Acidimicrobiia",0
"BOX_8_70","CL","Other transects","B2b","Actinobacteria",0
"BOX_8_70","CL","Other transects","B2b","Alphaproteobacteria",12.4904548925494
"BOX_8_70","CL","Other transects","B2b","Bacteroidia",33.1006145231082
"BOX_8_70","CL","Other transects","B2b","CPR2",0
"BOX_8_70","CL","Other transects","B2b","Campylobacteria",0
"BOX_8_70","CL","Other transects","B2b","Chitinivibrionia",0
"BOX_8_70","CL","Other transects","B2b","Clostridia",0
"BOX_8_70","CL","Other transects","B2b","Deltaproteobacteria",0.399985455074361
"BOX_8_70","CL","Other transects","B2b","Gammaproteobacteria",53.572597360096
"BOX_8_70","CL","Other transects","B2b","Gracilibacteria",0
"BOX_8_70","CL","Other transects","B2b","Kiritimatiellae",0
"BOX_8_70","CL","Other transects","B2b","Lentisphaeria",0
"BOX_8_70","CL","Other transects","B2b","Lokiarchaeia",0
"BOX_8_70","CL","Other transects","B2b","Marinimicrobia_(SAR406_clade)_cl",0
"BOX_8_70","CL","Other transects","B2b","Mollicutes",0
"BOX_8_70","CL","Other transects","B2b","Nitrososphaeria",0
"BOX_8_70","CL","Other transects","B2b","Nitrospinia",0
"BOX_8_70","CL","Other transects","B2b","OM190",0
"BOX_8_70","CL","Other transects","B2b","Oligosphaeria",0
"BOX_8_70","CL","Other transects","B2b","Oxyphotobacteria",0
"BOX_8_70","CL","Other transects","B2b","Phycisphaerae",0
"BOX_8_70","CL","Other transects","B2b","Planctomycetacia",0
"BOX_8_70","CL","Other transects","B2b","Spirochaetia",0
"BOX_8_70","CL","Other transects","B2b","Thermoplasmata",0
"BOX_8_70","CL","Other transects","B2b","Verrucomicrobiae",0.43634776917203
"BOX_8_71","CL","Other transects","B2b","Acidimicrobiia",0
"BOX_8_71","CL","Other transects","B2b","Actinobacteria",0
"BOX_8_71","CL","Other transects","B2b","Alphaproteobacteria",12.7292696320703
"BOX_8_71","CL","Other transects","B2b","Bacteroidia",35.9582646897309
"BOX_8_71","CL","Other transects","B2b","CPR2",0
"BOX_8_71","CL","Other transects","B2b","Campylobacteria",0.164744645799011
"BOX_8_71","CL","Other transects","B2b","Chitinivibrionia",0
"BOX_8_71","CL","Other transects","B2b","Clostridia",0
"BOX_8_71","CL","Other transects","B2b","Deltaproteobacteria",0.746842394288852
"BOX_8_71","CL","Other transects","B2b","Gammaproteobacteria",48.1310635182134
"BOX_8_71","CL","Other transects","B2b","Gracilibacteria",0
"BOX_8_71","CL","Other transects","B2b","Kiritimatiellae",0
"BOX_8_71","CL","Other transects","B2b","Lentisphaeria",0
"BOX_8_71","CL","Other transects","B2b","Lokiarchaeia",0
"BOX_8_71","CL","Other transects","B2b","Marinimicrobia_(SAR406_clade)_cl",0
"BOX_8_71","CL","Other transects","B2b","Mollicutes",0
"BOX_8_71","CL","Other transects","B2b","Nitrososphaeria",0
"BOX_8_71","CL","Other transects","B2b","Nitrospinia",0
"BOX_8_71","CL","Other transects","B2b","OM190",0
"BOX_8_71","CL","Other transects","B2b","Oligosphaeria",0
"BOX_8_71","CL","Other transects","B2b","Oxyphotobacteria",0
"BOX_8_71","CL","Other transects","B2b","Phycisphaerae",0
"BOX_8_71","CL","Other transects","B2b","Planctomycetacia",0
"BOX_8_71","CL","Other transects","B2b","Spirochaetia",0
"BOX_8_71","CL","Other transects","B2b","Thermoplasmata",0
"BOX_8_71","CL","Other transects","B2b","Verrucomicrobiae",2.26981511989749
"BOX_8_72","CL","Other transects","B2b","Acidimicrobiia",0
"BOX_8_72","CL","Other transects","B2b","Actinobacteria",0
"BOX_8_72","CL","Other transects","B2b","Alphaproteobacteria",20.9182287421896
"BOX_8_72","CL","Other transects","B2b","Bacteroidia",39.3410175806264
"BOX_8_72","CL","Other transects","B2b","CPR2",0
"BOX_8_72","CL","Other transects","B2b","Campylobacteria",0
"BOX_8_72","CL","Other transects","B2b","Chitinivibrionia",0
"BOX_8_72","CL","Other transects","B2b","Clostridia",0
"BOX_8_72","CL","Other transects","B2b","Deltaproteobacteria",0
"BOX_8_72","CL","Other transects","B2b","Gammaproteobacteria",39.740753677184
"BOX_8_72","CL","Other transects","B2b","Gracilibacteria",0
"BOX_8_72","CL","Other transects","B2b","Kiritimatiellae",0
"BOX_8_72","CL","Other transects","B2b","Lentisphaeria",0
"BOX_8_72","CL","Other transects","B2b","Lokiarchaeia",0
"BOX_8_72","CL","Other transects","B2b","Marinimicrobia_(SAR406_clade)_cl",0
"BOX_8_72","CL","Other transects","B2b","Mollicutes",0
"BOX_8_72","CL","Other transects","B2b","Nitrososphaeria",0
"BOX_8_72","CL","Other transects","B2b","Nitrospinia",0
"BOX_8_72","CL","Other transects","B2b","OM190",0
"BOX_8_72","CL","Other transects","B2b","Oligosphaeria",0
"BOX_8_72","CL","Other transects","B2b","Oxyphotobacteria",0
"BOX_8_72","CL","Other transects","B2b","Phycisphaerae",0
"BOX_8_72","CL","Other transects","B2b","Planctomycetacia",0
"BOX_8_72","CL","Other transects","B2b","Spirochaetia",0
"BOX_8_72","CL","Other transects","B2b","Thermoplasmata",0
"BOX_8_72","CL","Other transects","B2b","Verrucomicrobiae",0
"BOX_8_73","CL","Other transects","B2b","Acidimicrobiia",0
"BOX_8_73","CL","Other transects","B2b","Actinobacteria",0
"BOX_8_73","CL","Other transects","B2b","Alphaproteobacteria",11.3910404855067
"BOX_8_73","CL","Other transects","B2b","Bacteroidia",33.8656871356704
"BOX_8_73","CL","Other transects","B2b","CPR2",0
"BOX_8_73","CL","Other transects","B2b","Campylobacteria",0
"BOX_8_73","CL","Other transects","B2b","Chitinivibrionia",0
"BOX_8_73","CL","Other transects","B2b","Clostridia",0
"BOX_8_73","CL","Other transects","B2b","Deltaproteobacteria",0.499081689690968
"BOX_8_73","CL","Other transects","B2b","Gammaproteobacteria",50.1078016449732
"BOX_8_73","CL","Other transects","B2b","Gracilibacteria",0
"BOX_8_73","CL","Other transects","B2b","Kiritimatiellae",0
"BOX_8_73","CL","Other transects","B2b","Lentisphaeria",0
"BOX_8_73","CL","Other transects","B2b","Lokiarchaeia",0
"BOX_8_73","CL","Other transects","B2b","Marinimicrobia_(SAR406_clade)_cl",0
"BOX_8_73","CL","Other transects","B2b","Mollicutes",0
"BOX_8_73","CL","Other transects","B2b","Nitrososphaeria",0
"BOX_8_73","CL","Other transects","B2b","Nitrospinia",0
"BOX_8_73","CL","Other transects","B2b","OM190",0
"BOX_8_73","CL","Other transects","B2b","Oligosphaeria",0
"BOX_8_73","CL","Other transects","B2b","Oxyphotobacteria",0
"BOX_8_73","CL","Other transects","B2b","Phycisphaerae",0
"BOX_8_73","CL","Other transects","B2b","Planctomycetacia",0
"BOX_8_73","CL","Other transects","B2b","Spirochaetia",0
"BOX_8_73","CL","Other transects","B2b","Thermoplasmata",0
"BOX_8_73","CL","Other transects","B2b","Verrucomicrobiae",4.13638904415875
"BOX_8_74","CL","Other transects","B1","Acidimicrobiia",0
"BOX_8_74","CL","Other transects","B1","Actinobacteria",0
"BOX_8_74","CL","Other transects","B1","Alphaproteobacteria",6.30810756772968
"BOX_8_74","CL","Other transects","B1","Bacteroidia",38.778366490053
"BOX_8_74","CL","Other transects","B1","CPR2",0
"BOX_8_74","CL","Other transects","B1","Campylobacteria",0
"BOX_8_74","CL","Other transects","B1","Chitinivibrionia",0
"BOX_8_74","CL","Other transects","B1","Clostridia",0
"BOX_8_74","CL","Other transects","B1","Deltaproteobacteria",0.59482155353394
"BOX_8_74","CL","Other transects","B1","Gammaproteobacteria",48.4704588623413
"BOX_8_74","CL","Other transects","B1","Gracilibacteria",0
"BOX_8_74","CL","Other transects","B1","Kiritimatiellae",0
"BOX_8_74","CL","Other transects","B1","Lentisphaeria",0
"BOX_8_74","CL","Other transects","B1","Lokiarchaeia",0
"BOX_8_74","CL","Other transects","B1","Marinimicrobia_(SAR406_clade)_cl",0
"BOX_8_74","CL","Other transects","B1","Mollicutes",0
"BOX_8_74","CL","Other transects","B1","Nitrososphaeria",0
"BOX_8_74","CL","Other transects","B1","Nitrospinia",0
"BOX_8_74","CL","Other transects","B1","OM190",0
"BOX_8_74","CL","Other transects","B1","Oligosphaeria",0
"BOX_8_74","CL","Other transects","B1","Oxyphotobacteria",0
"BOX_8_74","CL","Other transects","B1","Phycisphaerae",0
"BOX_8_74","CL","Other transects","B1","Planctomycetacia",0
"BOX_8_74","CL","Other transects","B1","Spirochaetia",0
"BOX_8_74","CL","Other transects","B1","Thermoplasmata",0
"BOX_8_74","CL","Other transects","B1","Verrucomicrobiae",5.8482455263421
"BOX_8_75","CL","Other transects","B1","Acidimicrobiia",0
"BOX_8_75","CL","Other transects","B1","Actinobacteria",0
"BOX_8_75","CL","Other transects","B1","Alphaproteobacteria",18.2915765231349
"BOX_8_75","CL","Other transects","B1","Bacteroidia",36.2970200293112
"BOX_8_75","CL","Other transects","B1","CPR2",0
"BOX_8_75","CL","Other transects","B1","Campylobacteria",0
"BOX_8_75","CL","Other transects","B1","Chitinivibrionia",0
"BOX_8_75","CL","Other transects","B1","Clostridia",0
"BOX_8_75","CL","Other transects","B1","Deltaproteobacteria",0.429199525437923
"BOX_8_75","CL","Other transects","B1","Gammaproteobacteria",40.484332472608
"BOX_8_75","CL","Other transects","B1","Gracilibacteria",0
"BOX_8_75","CL","Other transects","B1","Kiritimatiellae",0
"BOX_8_75","CL","Other transects","B1","Lentisphaeria",0
"BOX_8_75","CL","Other transects","B1","Lokiarchaeia",0
"BOX_8_75","CL","Other transects","B1","Marinimicrobia_(SAR406_clade)_cl",0
"BOX_8_75","CL","Other transects","B1","Mollicutes",0
"BOX_8_75","CL","Other transects","B1","Nitrososphaeria",0
"BOX_8_75","CL","Other transects","B1","Nitrospinia",0
"BOX_8_75","CL","Other transects","B1","OM190",0
"BOX_8_75","CL","Other transects","B1","Oligosphaeria",0
"BOX_8_75","CL","Other transects","B1","Oxyphotobacteria",0
"BOX_8_75","CL","Other transects","B1","Phycisphaerae",0
"BOX_8_75","CL","Other transects","B1","Planctomycetacia",0
"BOX_8_75","CL","Other transects","B1","Spirochaetia",0
"BOX_8_75","CL","Other transects","B1","Thermoplasmata",0
"BOX_8_75","CL","Other transects","B1","Verrucomicrobiae",4.49787144950799
"BOX_8_76","CNL","Other transects","B1","Acidimicrobiia",0
"BOX_8_76","CNL","Other transects","B1","Actinobacteria",0
"BOX_8_76","CNL","Other transects","B1","Alphaproteobacteria",15.8912510220769
"BOX_8_76","CNL","Other transects","B1","Bacteroidia",39.2477514309076
"BOX_8_76","CNL","Other transects","B1","CPR2",0
"BOX_8_76","CNL","Other transects","B1","Campylobacteria",0
"BOX_8_76","CNL","Other transects","B1","Chitinivibrionia",0
"BOX_8_76","CNL","Other transects","B1","Clostridia",0
"BOX_8_76","CNL","Other transects","B1","Deltaproteobacteria",0.605069501226492
"BOX_8_76","CNL","Other transects","B1","Gammaproteobacteria",40.5437448896157
"BOX_8_76","CNL","Other transects","B1","Gracilibacteria",0
"BOX_8_76","CNL","Other transects","B1","Kiritimatiellae",0
"BOX_8_76","CNL","Other transects","B1","Lentisphaeria",0
"BOX_8_76","CNL","Other transects","B1","Lokiarchaeia",0
"BOX_8_76","CNL","Other transects","B1","Marinimicrobia_(SAR406_clade)_cl",0
"BOX_8_76","CNL","Other transects","B1","Mollicutes",0
"BOX_8_76","CNL","Other transects","B1","Nitrososphaeria",0
"BOX_8_76","CNL","Other transects","B1","Nitrospinia",0
"BOX_8_76","CNL","Other transects","B1","OM190",0
"BOX_8_76","CNL","Other transects","B1","Oligosphaeria",0
"BOX_8_76","CNL","Other transects","B1","Oxyphotobacteria",0
"BOX_8_76","CNL","Other transects","B1","Phycisphaerae",0
"BOX_8_76","CNL","Other transects","B1","Planctomycetacia",0
"BOX_8_76","CNL","Other transects","B1","Spirochaetia",0
"BOX_8_76","CNL","Other transects","B1","Thermoplasmata",0
"BOX_8_76","CNL","Other transects","B1","Verrucomicrobiae",3.71218315617334
"BOX_8_77","CNL","Other transects","B2a","Acidimicrobiia",0
"BOX_8_77","CNL","Other transects","B2a","Actinobacteria",0
"BOX_8_77","CNL","Other transects","B2a","Alphaproteobacteria",29.5366711537627
"BOX_8_77","CNL","Other transects","B2a","Bacteroidia",30.1446002865952
"BOX_8_77","CNL","Other transects","B2a","CPR2",0
"BOX_8_77","CNL","Other transects","B2a","Campylobacteria",0
"BOX_8_77","CNL","Other transects","B2a","Chitinivibrionia",0
"BOX_8_77","CNL","Other transects","B2a","Clostridia",0
"BOX_8_77","CNL","Other transects","B2a","Deltaproteobacteria",0.325676321160276
"BOX_8_77","CNL","Other transects","B2a","Gammaproteobacteria",35.6767553953711
"BOX_8_77","CNL","Other transects","B2a","Gracilibacteria",0
"BOX_8_77","CNL","Other transects","B2a","Kiritimatiellae",0
"BOX_8_77","CNL","Other transects","B2a","Lentisphaeria",0
"BOX_8_77","CNL","Other transects","B2a","Lokiarchaeia",0
"BOX_8_77","CNL","Other transects","B2a","Marinimicrobia_(SAR406_clade)_cl",0
"BOX_8_77","CNL","Other transects","B2a","Mollicutes",0
"BOX_8_77","CNL","Other transects","B2a","Nitrososphaeria",0
"BOX_8_77","CNL","Other transects","B2a","Nitrospinia",0
"BOX_8_77","CNL","Other transects","B2a","OM190",0
"BOX_8_77","CNL","Other transects","B2a","Oligosphaeria",0
"BOX_8_77","CNL","Other transects","B2a","Oxyphotobacteria",0
"BOX_8_77","CNL","Other transects","B2a","Phycisphaerae",0
"BOX_8_77","CNL","Other transects","B2a","Planctomycetacia",0
"BOX_8_77","CNL","Other transects","B2a","Spirochaetia",0
"BOX_8_77","CNL","Other transects","B2a","Thermoplasmata",0
"BOX_8_77","CNL","Other transects","B2a","Verrucomicrobiae",4.31629684311086
"BOX_8_78","CNL","Other transects","B1","Acidimicrobiia",0
"BOX_8_78","CNL","Other transects","B1","Actinobacteria",0
"BOX_8_78","CNL","Other transects","B1","Alphaproteobacteria",17.7764077270859
"BOX_8_78","CNL","Other transects","B1","Bacteroidia",27.841142622277
"BOX_8_78","CNL","Other transects","B1","CPR2",0.0462392108508015
"BOX_8_78","CNL","Other transects","B1","Campylobacteria",0
"BOX_8_78","CNL","Other transects","B1","Chitinivibrionia",0.231196054254007
"BOX_8_78","CNL","Other transects","B1","Clostridia",0
"BOX_8_78","CNL","Other transects","B1","Deltaproteobacteria",1.02240032881217
"BOX_8_78","CNL","Other transects","B1","Gammaproteobacteria",43.6241265926839
"BOX_8_78","CNL","Other transects","B1","Gracilibacteria",0
"BOX_8_78","CNL","Other transects","B1","Kiritimatiellae",0
"BOX_8_78","CNL","Other transects","B1","Lentisphaeria",0
"BOX_8_78","CNL","Other transects","B1","Lokiarchaeia",0
"BOX_8_78","CNL","Other transects","B1","Marinimicrobia_(SAR406_clade)_cl",0
"BOX_8_78","CNL","Other transects","B1","Mollicutes",0
"BOX_8_78","CNL","Other transects","B1","Nitrososphaeria",0
"BOX_8_78","CNL","Other transects","B1","Nitrospinia",0
"BOX_8_78","CNL","Other transects","B1","OM190",0
"BOX_8_78","CNL","Other transects","B1","Oligosphaeria",0
"BOX_8_78","CNL","Other transects","B1","Oxyphotobacteria",0
"BOX_8_78","CNL","Other transects","B1","Phycisphaerae",0
"BOX_8_78","CNL","Other transects","B1","Planctomycetacia",0
"BOX_8_78","CNL","Other transects","B1","Spirochaetia",0
"BOX_8_78","CNL","Other transects","B1","Thermoplasmata",0
"BOX_8_78","CNL","Other transects","B1","Verrucomicrobiae",9.45848746403617
"BOX_8_79","CNL","Other transects","B2a","Acidimicrobiia",0
"BOX_8_79","CNL","Other transects","B2a","Actinobacteria",0
"BOX_8_79","CNL","Other transects","B2a","Alphaproteobacteria",29.6768553686622
"BOX_8_79","CNL","Other transects","B2a","Bacteroidia",21.7640320733104
"BOX_8_79","CNL","Other transects","B2a","CPR2",0
"BOX_8_79","CNL","Other transects","B2a","Campylobacteria",0
"BOX_8_79","CNL","Other transects","B2a","Chitinivibrionia",0
"BOX_8_79","CNL","Other transects","B2a","Clostridia",0
"BOX_8_79","CNL","Other transects","B2a","Deltaproteobacteria",0.232109483330319
"BOX_8_79","CNL","Other transects","B2a","Gammaproteobacteria",41.812865497076
"BOX_8_79","CNL","Other transects","B2a","Gracilibacteria",0
"BOX_8_79","CNL","Other transects","B2a","Kiritimatiellae",0
"BOX_8_79","CNL","Other transects","B2a","Lentisphaeria",0
"BOX_8_79","CNL","Other transects","B2a","Lokiarchaeia",0
"BOX_8_79","CNL","Other transects","B2a","Marinimicrobia_(SAR406_clade)_cl",0
"BOX_8_79","CNL","Other transects","B2a","Mollicutes",0
"BOX_8_79","CNL","Other transects","B2a","Nitrososphaeria",0
"BOX_8_79","CNL","Other transects","B2a","Nitrospinia",0
"BOX_8_79","CNL","Other transects","B2a","OM190",0
"BOX_8_79","CNL","Other transects","B2a","Oligosphaeria",0
"BOX_8_79","CNL","Other transects","B2a","Oxyphotobacteria",0
"BOX_8_79","CNL","Other transects","B2a","Phycisphaerae",0
"BOX_8_79","CNL","Other transects","B2a","Planctomycetacia",0
"BOX_8_79","CNL","Other transects","B2a","Spirochaetia",0
"BOX_8_79","CNL","Other transects","B2a","Thermoplasmata",0
"BOX_8_79","CNL","Other transects","B2a","Verrucomicrobiae",6.51413757762103
"BOX_8_80","CNL","Other transects","B2a","Acidimicrobiia",0
"BOX_8_80","CNL","Other transects","B2a","Actinobacteria",0
"BOX_8_80","CNL","Other transects","B2a","Alphaproteobacteria",24.2282108135767
"BOX_8_80","CNL","Other transects","B2a","Bacteroidia",30.9696401159816
"BOX_8_80","CNL","Other transects","B2a","CPR2",0
"BOX_8_80","CNL","Other transects","B2a","Campylobacteria",0
"BOX_8_80","CNL","Other transects","B2a","Chitinivibrionia",0
"BOX_8_80","CNL","Other transects","B2a","Clostridia",0
"BOX_8_80","CNL","Other transects","B2a","Deltaproteobacteria",0.865597816817329
"BOX_8_80","CNL","Other transects","B2a","Gammaproteobacteria",36.9478082892717
"BOX_8_80","CNL","Other transects","B2a","Gracilibacteria",0
"BOX_8_80","CNL","Other transects","B2a","Kiritimatiellae",0
"BOX_8_80","CNL","Other transects","B2a","Lentisphaeria",0
"BOX_8_80","CNL","Other transects","B2a","Lokiarchaeia",0
"BOX_8_80","CNL","Other transects","B2a","Marinimicrobia_(SAR406_clade)_cl",0
"BOX_8_80","CNL","Other transects","B2a","Mollicutes",0
"BOX_8_80","CNL","Other transects","B2a","Nitrososphaeria",0
"BOX_8_80","CNL","Other transects","B2a","Nitrospinia",0
"BOX_8_80","CNL","Other transects","B2a","OM190",0
"BOX_8_80","CNL","Other transects","B2a","Oligosphaeria",0
"BOX_8_80","CNL","Other transects","B2a","Oxyphotobacteria",0
"BOX_8_80","CNL","Other transects","B2a","Phycisphaerae",0
"BOX_8_80","CNL","Other transects","B2a","Planctomycetacia",0
"BOX_8_80","CNL","Other transects","B2a","Spirochaetia",0
"BOX_8_80","CNL","Other transects","B2a","Thermoplasmata",0
"BOX_8_80","CNL","Other transects","B2a","Verrucomicrobiae",6.98874296435272
"BOX_8_81","CNL","Other transects","B2a","Acidimicrobiia",0
"BOX_8_81","CNL","Other transects","B2a","Actinobacteria",0
"BOX_8_81","CNL","Other transects","B2a","Alphaproteobacteria",26.8494814943377
"BOX_8_81","CNL","Other transects","B2a","Bacteroidia",28.2162537423526
"BOX_8_81","CNL","Other transects","B2a","CPR2",0
"BOX_8_81","CNL","Other transects","B2a","Campylobacteria",0
"BOX_8_81","CNL","Other transects","B2a","Chitinivibrionia",0.0607454332451078
"BOX_8_81","CNL","Other transects","B2a","Clostridia",0
"BOX_8_81","CNL","Other transects","B2a","Deltaproteobacteria",0.889486701089079
"BOX_8_81","CNL","Other transects","B2a","Gammaproteobacteria",39.0940252527444
"BOX_8_81","CNL","Other transects","B2a","Gracilibacteria",0
"BOX_8_81","CNL","Other transects","B2a","Kiritimatiellae",0
"BOX_8_81","CNL","Other transects","B2a","Lentisphaeria",0
"BOX_8_81","CNL","Other transects","B2a","Lokiarchaeia",0
"BOX_8_81","CNL","Other transects","B2a","Marinimicrobia_(SAR406_clade)_cl",0
"BOX_8_81","CNL","Other transects","B2a","Mollicutes",0
"BOX_8_81","CNL","Other transects","B2a","Nitrososphaeria",0
"BOX_8_81","CNL","Other transects","B2a","Nitrospinia",0
"BOX_8_81","CNL","Other transects","B2a","OM190",0
"BOX_8_81","CNL","Other transects","B2a","Oligosphaeria",0
"BOX_8_81","CNL","Other transects","B2a","Oxyphotobacteria",0
"BOX_8_81","CNL","Other transects","B2a","Phycisphaerae",0
"BOX_8_81","CNL","Other transects","B2a","Planctomycetacia",0
"BOX_8_81","CNL","Other transects","B2a","Spirochaetia",0
"BOX_8_81","CNL","Other transects","B2a","Thermoplasmata",0
"BOX_8_81","CNL","Other transects","B2a","Verrucomicrobiae",4.89000737623118
"BOX_8_82","CNL","Other transects","B2a","Acidimicrobiia",0
"BOX_8_82","CNL","Other transects","B2a","Actinobacteria",0
"BOX_8_82","CNL","Other transects","B2a","Alphaproteobacteria",23.7121458808206
"BOX_8_82","CNL","Other transects","B2a","Bacteroidia",30.7521979811136
"BOX_8_82","CNL","Other transects","B2a","CPR2",0
"BOX_8_82","CNL","Other transects","B2a","Campylobacteria",0
"BOX_8_82","CNL","Other transects","B2a","Chitinivibrionia",0
"BOX_8_82","CNL","Other transects","B2a","Clostridia",0
"BOX_8_82","CNL","Other transects","B2a","Deltaproteobacteria",0.188863562357538
"BOX_8_82","CNL","Other transects","B2a","Gammaproteobacteria",42.1816997720612
"BOX_8_82","CNL","Other transects","B2a","Gracilibacteria",0
"BOX_8_82","CNL","Other transects","B2a","Kiritimatiellae",0
"BOX_8_82","CNL","Other transects","B2a","Lentisphaeria",0
"BOX_8_82","CNL","Other transects","B2a","Lokiarchaeia",0
"BOX_8_82","CNL","Other transects","B2a","Marinimicrobia_(SAR406_clade)_cl",0
"BOX_8_82","CNL","Other transects","B2a","Mollicutes",0
"BOX_8_82","CNL","Other transects","B2a","Nitrososphaeria",0
"BOX_8_82","CNL","Other transects","B2a","Nitrospinia",0
"BOX_8_82","CNL","Other transects","B2a","OM190",0
"BOX_8_82","CNL","Other transects","B2a","Oligosphaeria",0
"BOX_8_82","CNL","Other transects","B2a","Oxyphotobacteria",0
"BOX_8_82","CNL","Other transects","B2a","Phycisphaerae",0
"BOX_8_82","CNL","Other transects","B2a","Planctomycetacia",0
"BOX_8_82","CNL","Other transects","B2a","Spirochaetia",0
"BOX_8_82","CNL","Other transects","B2a","Thermoplasmata",0
"BOX_8_82","CNL","Other transects","B2a","Verrucomicrobiae",3.16509280364702
"BOX_8_83","DBO3","DBO3","A1","Acidimicrobiia",0
"BOX_8_83","DBO3","DBO3","A1","Actinobacteria",0
"BOX_8_83","DBO3","DBO3","A1","Alphaproteobacteria",29.4727488151659
"BOX_8_83","DBO3","DBO3","A1","Bacteroidia",4.42831753554502
"BOX_8_83","DBO3","DBO3","A1","CPR2",0
"BOX_8_83","DBO3","DBO3","A1","Campylobacteria",0
"BOX_8_83","DBO3","DBO3","A1","Chitinivibrionia",0
"BOX_8_83","DBO3","DBO3","A1","Clostridia",0
"BOX_8_83","DBO3","DBO3","A1","Deltaproteobacteria",0
"BOX_8_83","DBO3","DBO3","A1","Gammaproteobacteria",49.8518957345971
"BOX_8_83","DBO3","DBO3","A1","Gracilibacteria",12.0260663507109
"BOX_8_83","DBO3","DBO3","A1","Kiritimatiellae",0
"BOX_8_83","DBO3","DBO3","A1","Lentisphaeria",0
"BOX_8_83","DBO3","DBO3","A1","Lokiarchaeia",0
"BOX_8_83","DBO3","DBO3","A1","Marinimicrobia_(SAR406_clade)_cl",0
"BOX_8_83","DBO3","DBO3","A1","Mollicutes",0
"BOX_8_83","DBO3","DBO3","A1","Nitrososphaeria",0
"BOX_8_83","DBO3","DBO3","A1","Nitrospinia",0
"BOX_8_83","DBO3","DBO3","A1","OM190",0
"BOX_8_83","DBO3","DBO3","A1","Oligosphaeria",0
"BOX_8_83","DBO3","DBO3","A1","Oxyphotobacteria",0
"BOX_8_83","DBO3","DBO3","A1","Phycisphaerae",0
"BOX_8_83","DBO3","DBO3","A1","Planctomycetacia",0
"BOX_8_83","DBO3","DBO3","A1","Spirochaetia",0
"BOX_8_83","DBO3","DBO3","A1","Thermoplasmata",0
"BOX_8_83","DBO3","DBO3","A1","Verrucomicrobiae",4.22097156398104
"BOX_8_84","DBO3","DBO3","B1","Acidimicrobiia",0
"BOX_8_84","DBO3","DBO3","B1","Actinobacteria",0
"BOX_8_84","DBO3","DBO3","B1","Alphaproteobacteria",23.2293770099469
"BOX_8_84","DBO3","DBO3","B1","Bacteroidia",39.8848253683345
"BOX_8_84","DBO3","DBO3","B1","CPR2",0
"BOX_8_84","DBO3","DBO3","B1","Campylobacteria",0
"BOX_8_84","DBO3","DBO3","B1","Chitinivibrionia",0
"BOX_8_84","DBO3","DBO3","B1","Clostridia",0
"BOX_8_84","DBO3","DBO3","B1","Deltaproteobacteria",0.112183082791115
"BOX_8_84","DBO3","DBO3","B1","Gammaproteobacteria",26.4826864108892
"BOX_8_84","DBO3","DBO3","B1","Gracilibacteria",7.77802707351732
"BOX_8_84","DBO3","DBO3","B1","Kiritimatiellae",0
"BOX_8_84","DBO3","DBO3","B1","Lentisphaeria",0
"BOX_8_84","DBO3","DBO3","B1","Lokiarchaeia",0
"BOX_8_84","DBO3","DBO3","B1","Marinimicrobia_(SAR406_clade)_cl",0
"BOX_8_84","DBO3","DBO3","B1","Mollicutes",0
"BOX_8_84","DBO3","DBO3","B1","Nitrososphaeria",0
"BOX_8_84","DBO3","DBO3","B1","Nitrospinia",0
"BOX_8_84","DBO3","DBO3","B1","OM190",0
"BOX_8_84","DBO3","DBO3","B1","Oligosphaeria",0
"BOX_8_84","DBO3","DBO3","B1","Oxyphotobacteria",0
"BOX_8_84","DBO3","DBO3","B1","Phycisphaerae",0
"BOX_8_84","DBO3","DBO3","B1","Planctomycetacia",0
"BOX_8_84","DBO3","DBO3","B1","Spirochaetia",0
"BOX_8_84","DBO3","DBO3","B1","Thermoplasmata",0
"BOX_8_84","DBO3","DBO3","B1","Verrucomicrobiae",2.51290105452098
"BOX_8_85","DBO3","DBO3","C1a","Acidimicrobiia",0
"BOX_8_85","DBO3","DBO3","C1a","Actinobacteria",0
"BOX_8_85","DBO3","DBO3","C1a","Alphaproteobacteria",13.9516129032258
"BOX_8_85","DBO3","DBO3","C1a","Bacteroidia",40.7718894009217
"BOX_8_85","DBO3","DBO3","C1a","CPR2",0
"BOX_8_85","DBO3","DBO3","C1a","Campylobacteria",0
"BOX_8_85","DBO3","DBO3","C1a","Chitinivibrionia",0
"BOX_8_85","DBO3","DBO3","C1a","Clostridia",0
"BOX_8_85","DBO3","DBO3","C1a","Deltaproteobacteria",0.178571428571429
"BOX_8_85","DBO3","DBO3","C1a","Gammaproteobacteria",35.3744239631336
"BOX_8_85","DBO3","DBO3","C1a","Gracilibacteria",2.1889400921659
"BOX_8_85","DBO3","DBO3","C1a","Kiritimatiellae",0
"BOX_8_85","DBO3","DBO3","C1a","Lentisphaeria",0
"BOX_8_85","DBO3","DBO3","C1a","Lokiarchaeia",0
"BOX_8_85","DBO3","DBO3","C1a","Marinimicrobia_(SAR406_clade)_cl",0
"BOX_8_85","DBO3","DBO3","C1a","Mollicutes",0
"BOX_8_85","DBO3","DBO3","C1a","Nitrososphaeria",0.149769585253456
"BOX_8_85","DBO3","DBO3","C1a","Nitrospinia",0
"BOX_8_85","DBO3","DBO3","C1a","OM190",0
"BOX_8_85","DBO3","DBO3","C1a","Oligosphaeria",0
"BOX_8_85","DBO3","DBO3","C1a","Oxyphotobacteria",0
"BOX_8_85","DBO3","DBO3","C1a","Phycisphaerae",0
"BOX_8_85","DBO3","DBO3","C1a","Planctomycetacia",0
"BOX_8_85","DBO3","DBO3","C1a","Spirochaetia",0
"BOX_8_85","DBO3","DBO3","C1a","Thermoplasmata",0
"BOX_8_85","DBO3","DBO3","C1a","Verrucomicrobiae",7.38479262672811
"BOX_8_86","DBO3","DBO3","C1a","Acidimicrobiia",0
"BOX_8_86","DBO3","DBO3","C1a","Actinobacteria",0
"BOX_8_86","DBO3","DBO3","C1a","Alphaproteobacteria",11.2579792378619
"BOX_8_86","DBO3","DBO3","C1a","Bacteroidia",41.6403378683345
"BOX_8_86","DBO3","DBO3","C1a","CPR2",0
"BOX_8_86","DBO3","DBO3","C1a","Campylobacteria",0
"BOX_8_86","DBO3","DBO3","C1a","Chitinivibrionia",0
"BOX_8_86","DBO3","DBO3","C1a","Clostridia",0
"BOX_8_86","DBO3","DBO3","C1a","Deltaproteobacteria",0
"BOX_8_86","DBO3","DBO3","C1a","Gammaproteobacteria",39.4609581533303
"BOX_8_86","DBO3","DBO3","C1a","Gracilibacteria",2.61783480559675
"BOX_8_86","DBO3","DBO3","C1a","Kiritimatiellae",0
"BOX_8_86","DBO3","DBO3","C1a","Lentisphaeria",0
"BOX_8_86","DBO3","DBO3","C1a","Lokiarchaeia",0
"BOX_8_86","DBO3","DBO3","C1a","Marinimicrobia_(SAR406_clade)_cl",0
"BOX_8_86","DBO3","DBO3","C1a","Mollicutes",0.161196724482559
"BOX_8_86","DBO3","DBO3","C1a","Nitrososphaeria",0
"BOX_8_86","DBO3","DBO3","C1a","Nitrospinia",0
"BOX_8_86","DBO3","DBO3","C1a","OM190",0
"BOX_8_86","DBO3","DBO3","C1a","Oligosphaeria",0
"BOX_8_86","DBO3","DBO3","C1a","Oxyphotobacteria",0
"BOX_8_86","DBO3","DBO3","C1a","Phycisphaerae",0
"BOX_8_86","DBO3","DBO3","C1a","Planctomycetacia",0
"BOX_8_86","DBO3","DBO3","C1a","Spirochaetia",0
"BOX_8_86","DBO3","DBO3","C1a","Thermoplasmata",0
"BOX_8_86","DBO3","DBO3","C1a","Verrucomicrobiae",4.86169321039397
"BOX_8_87","DBO3","DBO3","C1a","Acidimicrobiia",0
"BOX_8_87","DBO3","DBO3","C1a","Actinobacteria",0
"BOX_8_87","DBO3","DBO3","C1a","Alphaproteobacteria",17.7946407398625
"BOX_8_87","DBO3","DBO3","C1a","Bacteroidia",41.7974863647142
"BOX_8_87","DBO3","DBO3","C1a","CPR2",0
"BOX_8_87","DBO3","DBO3","C1a","Campylobacteria",0
"BOX_8_87","DBO3","DBO3","C1a","Chitinivibrionia",0
"BOX_8_87","DBO3","DBO3","C1a","Clostridia",0
"BOX_8_87","DBO3","DBO3","C1a","Deltaproteobacteria",0
"BOX_8_87","DBO3","DBO3","C1a","Gammaproteobacteria",33.8012805311833
"BOX_8_87","DBO3","DBO3","C1a","Gracilibacteria",0
"BOX_8_87","DBO3","DBO3","C1a","Kiritimatiellae",0
"BOX_8_87","DBO3","DBO3","C1a","Lentisphaeria",0
"BOX_8_87","DBO3","DBO3","C1a","Lokiarchaeia",0
"BOX_8_87","DBO3","DBO3","C1a","Marinimicrobia_(SAR406_clade)_cl",0
"BOX_8_87","DBO3","DBO3","C1a","Mollicutes",0.099596869812663
"BOX_8_87","DBO3","DBO3","C1a","Nitrososphaeria",0.213421863884278
"BOX_8_87","DBO3","DBO3","C1a","Nitrospinia",0
"BOX_8_87","DBO3","DBO3","C1a","OM190",0.0758833293810766
"BOX_8_87","DBO3","DBO3","C1a","Oligosphaeria",0
"BOX_8_87","DBO3","DBO3","C1a","Oxyphotobacteria",0
"BOX_8_87","DBO3","DBO3","C1a","Phycisphaerae",0
"BOX_8_87","DBO3","DBO3","C1a","Planctomycetacia",0
"BOX_8_87","DBO3","DBO3","C1a","Spirochaetia",0
"BOX_8_87","DBO3","DBO3","C1a","Thermoplasmata",0
"BOX_8_87","DBO3","DBO3","C1a","Verrucomicrobiae",6.21769030116196
"BOX_8_88","DBO3","DBO3","C1a","Acidimicrobiia",0
"BOX_8_88","DBO3","DBO3","C1a","Actinobacteria",0
"BOX_8_88","DBO3","DBO3","C1a","Alphaproteobacteria",10.2516842506673
"BOX_8_88","DBO3","DBO3","C1a","Bacteroidia",64.0333036735731
"BOX_8_88","DBO3","DBO3","C1a","CPR2",0
"BOX_8_88","DBO3","DBO3","C1a","Campylobacteria",0
"BOX_8_88","DBO3","DBO3","C1a","Chitinivibrionia",0
"BOX_8_88","DBO3","DBO3","C1a","Clostridia",0
"BOX_8_88","DBO3","DBO3","C1a","Deltaproteobacteria",0
"BOX_8_88","DBO3","DBO3","C1a","Gammaproteobacteria",20.2936316257786
"BOX_8_88","DBO3","DBO3","C1a","Gracilibacteria",0
"BOX_8_88","DBO3","DBO3","C1a","Kiritimatiellae",0
"BOX_8_88","DBO3","DBO3","C1a","Lentisphaeria",0
"BOX_8_88","DBO3","DBO3","C1a","Lokiarchaeia",0
"BOX_8_88","DBO3","DBO3","C1a","Marinimicrobia_(SAR406_clade)_cl",0
"BOX_8_88","DBO3","DBO3","C1a","Mollicutes",0
"BOX_8_88","DBO3","DBO3","C1a","Nitrososphaeria",0.533875683233761
"BOX_8_88","DBO3","DBO3","C1a","Nitrospinia",0
"BOX_8_88","DBO3","DBO3","C1a","OM190",0
"BOX_8_88","DBO3","DBO3","C1a","Oligosphaeria",0
"BOX_8_88","DBO3","DBO3","C1a","Oxyphotobacteria",0
"BOX_8_88","DBO3","DBO3","C1a","Phycisphaerae",0.17160289818228
"BOX_8_88","DBO3","DBO3","C1a","Planctomycetacia",0
"BOX_8_88","DBO3","DBO3","C1a","Spirochaetia",0
"BOX_8_88","DBO3","DBO3","C1a","Thermoplasmata",0
"BOX_8_88","DBO3","DBO3","C1a","Verrucomicrobiae",4.71590186856489
"BOX_8_89","DBO3","DBO3","C1a","Acidimicrobiia",0.199252801992528
"BOX_8_89","DBO3","DBO3","C1a","Actinobacteria",0
"BOX_8_89","DBO3","DBO3","C1a","Alphaproteobacteria",17.3848069738481
"BOX_8_89","DBO3","DBO3","C1a","Bacteroidia",31.9468659194687
"BOX_8_89","DBO3","DBO3","C1a","CPR2",0
"BOX_8_89","DBO3","DBO3","C1a","Campylobacteria",0
"BOX_8_89","DBO3","DBO3","C1a","Chitinivibrionia",0
"BOX_8_89","DBO3","DBO3","C1a","Clostridia",0
"BOX_8_89","DBO3","DBO3","C1a","Deltaproteobacteria",0.884184308841843
"BOX_8_89","DBO3","DBO3","C1a","Gammaproteobacteria",39.8671647986717
"BOX_8_89","DBO3","DBO3","C1a","Gracilibacteria",0
"BOX_8_89","DBO3","DBO3","C1a","Kiritimatiellae",0.618513906185139
"BOX_8_89","DBO3","DBO3","C1a","Lentisphaeria",0
"BOX_8_89","DBO3","DBO3","C1a","Lokiarchaeia",0
"BOX_8_89","DBO3","DBO3","C1a","Marinimicrobia_(SAR406_clade)_cl",0
"BOX_8_89","DBO3","DBO3","C1a","Mollicutes",0
"BOX_8_89","DBO3","DBO3","C1a","Nitrososphaeria",0
"BOX_8_89","DBO3","DBO3","C1a","Nitrospinia",0
"BOX_8_89","DBO3","DBO3","C1a","OM190",0
"BOX_8_89","DBO3","DBO3","C1a","Oligosphaeria",0
"BOX_8_89","DBO3","DBO3","C1a","Oxyphotobacteria",0
"BOX_8_89","DBO3","DBO3","C1a","Phycisphaerae",0
"BOX_8_89","DBO3","DBO3","C1a","Planctomycetacia",0
"BOX_8_89","DBO3","DBO3","C1a","Spirochaetia",0
"BOX_8_89","DBO3","DBO3","C1a","Thermoplasmata",0.078870900788709
"BOX_8_89","DBO3","DBO3","C1a","Verrucomicrobiae",9.02034039020341
"BOX_8_90","DBO3","DBO3","C1a","Acidimicrobiia",0.0882200311364815
"BOX_8_90","DBO3","DBO3","C1a","Actinobacteria",0
"BOX_8_90","DBO3","DBO3","C1a","Alphaproteobacteria",16.6009340944473
"BOX_8_90","DBO3","DBO3","C1a","Bacteroidia",34.9143746756616
"BOX_8_90","DBO3","DBO3","C1a","CPR2",0
"BOX_8_90","DBO3","DBO3","C1a","Campylobacteria",0
"BOX_8_90","DBO3","DBO3","C1a","Chitinivibrionia",0
"BOX_8_90","DBO3","DBO3","C1a","Clostridia",0
"BOX_8_90","DBO3","DBO3","C1a","Deltaproteobacteria",0
"BOX_8_90","DBO3","DBO3","C1a","Gammaproteobacteria",40.1504929942916
"BOX_8_90","DBO3","DBO3","C1a","Gracilibacteria",0
"BOX_8_90","DBO3","DBO3","C1a","Kiritimatiellae",0
"BOX_8_90","DBO3","DBO3","C1a","Lentisphaeria",0
"BOX_8_90","DBO3","DBO3","C1a","Lokiarchaeia",0
"BOX_8_90","DBO3","DBO3","C1a","Marinimicrobia_(SAR406_clade)_cl",0
"BOX_8_90","DBO3","DBO3","C1a","Mollicutes",0.103788271925272
"BOX_8_90","DBO3","DBO3","C1a","Nitrososphaeria",0
"BOX_8_90","DBO3","DBO3","C1a","Nitrospinia",0
"BOX_8_90","DBO3","DBO3","C1a","OM190",0
"BOX_8_90","DBO3","DBO3","C1a","Oligosphaeria",0
"BOX_8_90","DBO3","DBO3","C1a","Oxyphotobacteria",0
"BOX_8_90","DBO3","DBO3","C1a","Phycisphaerae",0.197197716658018
"BOX_8_90","DBO3","DBO3","C1a","Planctomycetacia",0
"BOX_8_90","DBO3","DBO3","C1a","Spirochaetia",0
"BOX_8_90","DBO3","DBO3","C1a","Thermoplasmata",0
"BOX_8_90","DBO3","DBO3","C1a","Verrucomicrobiae",7.9449922158796
"BOX_8_91","DBO3","DBO3","C1a","Acidimicrobiia",0.197909266213336
"BOX_8_91","DBO3","DBO3","C1a","Actinobacteria",0
"BOX_8_91","DBO3","DBO3","C1a","Alphaproteobacteria",16.7918400487161
"BOX_8_91","DBO3","DBO3","C1a","Bacteroidia",34.6696437633208
"BOX_8_91","DBO3","DBO3","C1a","CPR2",0
"BOX_8_91","DBO3","DBO3","C1a","Campylobacteria",0
"BOX_8_91","DBO3","DBO3","C1a","Chitinivibrionia",0
"BOX_8_91","DBO3","DBO3","C1a","Clostridia",0
"BOX_8_91","DBO3","DBO3","C1a","Deltaproteobacteria",0.761189485435907
"BOX_8_91","DBO3","DBO3","C1a","Gammaproteobacteria",38.7496194052573
"BOX_8_91","DBO3","DBO3","C1a","Gracilibacteria",0
"BOX_8_91","DBO3","DBO3","C1a","Kiritimatiellae",0
"BOX_8_91","DBO3","DBO3","C1a","Lentisphaeria",0
"BOX_8_91","DBO3","DBO3","C1a","Lokiarchaeia",0
"BOX_8_91","DBO3","DBO3","C1a","Marinimicrobia_(SAR406_clade)_cl",0
"BOX_8_91","DBO3","DBO3","C1a","Mollicutes",0
"BOX_8_91","DBO3","DBO3","C1a","Nitrososphaeria",0
"BOX_8_91","DBO3","DBO3","C1a","Nitrospinia",0
"BOX_8_91","DBO3","DBO3","C1a","OM190",0.106566527961027
"BOX_8_91","DBO3","DBO3","C1a","Oligosphaeria",0
"BOX_8_91","DBO3","DBO3","C1a","Oxyphotobacteria",0
"BOX_8_91","DBO3","DBO3","C1a","Phycisphaerae",0.279102811326499
"BOX_8_91","DBO3","DBO3","C1a","Planctomycetacia",0
"BOX_8_91","DBO3","DBO3","C1a","Spirochaetia",0
"BOX_8_91","DBO3","DBO3","C1a","Thermoplasmata",0
"BOX_8_91","DBO3","DBO3","C1a","Verrucomicrobiae",8.444128691769
"BOX_8_92","CNL","Other transects","C2b2","Acidimicrobiia",0.0839202757380488
"BOX_8_92","CNL","Other transects","C2b2","Actinobacteria",0.0719316649183276
"BOX_8_92","CNL","Other transects","C2b2","Alphaproteobacteria",16.0767271092462
"BOX_8_92","CNL","Other transects","C2b2","Bacteroidia",37.332534092612
"BOX_8_92","CNL","Other transects","C2b2","CPR2",0
"BOX_8_92","CNL","Other transects","C2b2","Campylobacteria",0
"BOX_8_92","CNL","Other transects","C2b2","Chitinivibrionia",0
"BOX_8_92","CNL","Other transects","C2b2","Clostridia",0
"BOX_8_92","CNL","Other transects","C2b2","Deltaproteobacteria",0.38363554623108
"BOX_8_92","CNL","Other transects","C2b2","Gammaproteobacteria",38.4834407313052
"BOX_8_92","CNL","Other transects","C2b2","Gracilibacteria",0.0989060392627004
"BOX_8_92","CNL","Other transects","C2b2","Kiritimatiellae",0
"BOX_8_92","CNL","Other transects","C2b2","Lentisphaeria",0
"BOX_8_92","CNL","Other transects","C2b2","Lokiarchaeia",0
"BOX_8_92","CNL","Other transects","C2b2","Marinimicrobia_(SAR406_clade)_cl",0
"BOX_8_92","CNL","Other transects","C2b2","Mollicutes",0
"BOX_8_92","CNL","Other transects","C2b2","Nitrososphaeria",0
"BOX_8_92","CNL","Other transects","C2b2","Nitrospinia",0
"BOX_8_92","CNL","Other transects","C2b2","OM190",0
"BOX_8_92","CNL","Other transects","C2b2","Oligosphaeria",0
"BOX_8_92","CNL","Other transects","C2b2","Oxyphotobacteria",0
"BOX_8_92","CNL","Other transects","C2b2","Phycisphaerae",0
"BOX_8_92","CNL","Other transects","C2b2","Planctomycetacia",0
"BOX_8_92","CNL","Other transects","C2b2","Spirochaetia",0
"BOX_8_92","CNL","Other transects","C2b2","Thermoplasmata",0
"BOX_8_92","CNL","Other transects","C2b2","Verrucomicrobiae",7.46890454068634
"BOX_8_93","DBO3","DBO3","C1a","Acidimicrobiia",0.262524611682345
"BOX_8_93","DBO3","DBO3","C1a","Actinobacteria",0
"BOX_8_93","DBO3","DBO3","C1a","Alphaproteobacteria",18.4948588930212
"BOX_8_93","DBO3","DBO3","C1a","Bacteroidia",32.4174141325749
"BOX_8_93","DBO3","DBO3","C1a","CPR2",0
"BOX_8_93","DBO3","DBO3","C1a","Campylobacteria",0
"BOX_8_93","DBO3","DBO3","C1a","Chitinivibrionia",0
"BOX_8_93","DBO3","DBO3","C1a","Clostridia",0
"BOX_8_93","DBO3","DBO3","C1a","Deltaproteobacteria",0.441916429665281
"BOX_8_93","DBO3","DBO3","C1a","Gammaproteobacteria",41.6845329249617
"BOX_8_93","DBO3","DBO3","C1a","Gracilibacteria",0.118136075257055
"BOX_8_93","DBO3","DBO3","C1a","Kiritimatiellae",0
"BOX_8_93","DBO3","DBO3","C1a","Lentisphaeria",0
"BOX_8_93","DBO3","DBO3","C1a","Lokiarchaeia",0
"BOX_8_93","DBO3","DBO3","C1a","Marinimicrobia_(SAR406_clade)_cl",0.035003281557646
"BOX_8_93","DBO3","DBO3","C1a","Mollicutes",0
"BOX_8_93","DBO3","DBO3","C1a","Nitrososphaeria",0.49442135200175
"BOX_8_93","DBO3","DBO3","C1a","Nitrospinia",0
"BOX_8_93","DBO3","DBO3","C1a","OM190",0
"BOX_8_93","DBO3","DBO3","C1a","Oligosphaeria",0
"BOX_8_93","DBO3","DBO3","C1a","Oxyphotobacteria",0
"BOX_8_93","DBO3","DBO3","C1a","Phycisphaerae",0
"BOX_8_93","DBO3","DBO3","C1a","Planctomycetacia",0
"BOX_8_93","DBO3","DBO3","C1a","Spirochaetia",0
"BOX_8_93","DBO3","DBO3","C1a","Thermoplasmata",0
"BOX_8_93","DBO3","DBO3","C1a","Verrucomicrobiae",6.05119229927806
"BOX_8_94","DBO3","DBO3","C1a","Acidimicrobiia",0
"BOX_8_94","DBO3","DBO3","C1a","Actinobacteria",0
"BOX_8_94","DBO3","DBO3","C1a","Alphaproteobacteria",15.8919907179523
"BOX_8_94","DBO3","DBO3","C1a","Bacteroidia",46.4172702341607
"BOX_8_94","DBO3","DBO3","C1a","CPR2",0
"BOX_8_94","DBO3","DBO3","C1a","Campylobacteria",0
"BOX_8_94","DBO3","DBO3","C1a","Chitinivibrionia",0
"BOX_8_94","DBO3","DBO3","C1a","Clostridia",0
"BOX_8_94","DBO3","DBO3","C1a","Deltaproteobacteria",0
"BOX_8_94","DBO3","DBO3","C1a","Gammaproteobacteria",32.5856128261022
"BOX_8_94","DBO3","DBO3","C1a","Gracilibacteria",1.12509668799662
"BOX_8_94","DBO3","DBO3","C1a","Kiritimatiellae",0
"BOX_8_94","DBO3","DBO3","C1a","Lentisphaeria",0
"BOX_8_94","DBO3","DBO3","C1a","Lokiarchaeia",0
"BOX_8_94","DBO3","DBO3","C1a","Marinimicrobia_(SAR406_clade)_cl",0
"BOX_8_94","DBO3","DBO3","C1a","Mollicutes",0
"BOX_8_94","DBO3","DBO3","C1a","Nitrososphaeria",0
"BOX_8_94","DBO3","DBO3","C1a","Nitrospinia",0
"BOX_8_94","DBO3","DBO3","C1a","OM190",0
"BOX_8_94","DBO3","DBO3","C1a","Oligosphaeria",0
"BOX_8_94","DBO3","DBO3","C1a","Oxyphotobacteria",0
"BOX_8_94","DBO3","DBO3","C1a","Phycisphaerae",0
"BOX_8_94","DBO3","DBO3","C1a","Planctomycetacia",0
"BOX_8_94","DBO3","DBO3","C1a","Spirochaetia",0
"BOX_8_94","DBO3","DBO3","C1a","Thermoplasmata",0
"BOX_8_94","DBO3","DBO3","C1a","Verrucomicrobiae",3.98002953378806
"BOX_8_95","DBO3","DBO3","C1a","Acidimicrobiia",0.18545106484805
"BOX_8_95","DBO3","DBO3","C1a","Actinobacteria",0
"BOX_8_95","DBO3","DBO3","C1a","Alphaproteobacteria",24.7068676716918
"BOX_8_95","DBO3","DBO3","C1a","Bacteroidia",26.4477147642977
"BOX_8_95","DBO3","DBO3","C1a","CPR2",0
"BOX_8_95","DBO3","DBO3","C1a","Campylobacteria",0
"BOX_8_95","DBO3","DBO3","C1a","Chitinivibrionia",0
"BOX_8_95","DBO3","DBO3","C1a","Clostridia",0
"BOX_8_95","DBO3","DBO3","C1a","Deltaproteobacteria",1.1127063890883
"BOX_8_95","DBO3","DBO3","C1a","Gammaproteobacteria",41.7384541756401
"BOX_8_95","DBO3","DBO3","C1a","Gracilibacteria",0
"BOX_8_95","DBO3","DBO3","C1a","Kiritimatiellae",0
"BOX_8_95","DBO3","DBO3","C1a","Lentisphaeria",0
"BOX_8_95","DBO3","DBO3","C1a","Lokiarchaeia",0
"BOX_8_95","DBO3","DBO3","C1a","Marinimicrobia_(SAR406_clade)_cl",0
"BOX_8_95","DBO3","DBO3","C1a","Mollicutes",0
"BOX_8_95","DBO3","DBO3","C1a","Nitrososphaeria",0.939219909069155
"BOX_8_95","DBO3","DBO3","C1a","Nitrospinia",0
"BOX_8_95","DBO3","DBO3","C1a","OM190",0
"BOX_8_95","DBO3","DBO3","C1a","Oligosphaeria",0
"BOX_8_95","DBO3","DBO3","C1a","Oxyphotobacteria",0
"BOX_8_95","DBO3","DBO3","C1a","Phycisphaerae",0
"BOX_8_95","DBO3","DBO3","C1a","Planctomycetacia",0
"BOX_8_95","DBO3","DBO3","C1a","Spirochaetia",0
"BOX_8_95","DBO3","DBO3","C1a","Thermoplasmata",0.257238573821488
"BOX_8_95","DBO3","DBO3","C1a","Verrucomicrobiae",4.61234745154343
"BOX_8_96","DBO3","DBO3","C1a","Acidimicrobiia",0
"BOX_8_96","DBO3","DBO3","C1a","Actinobacteria",0
"BOX_8_96","DBO3","DBO3","C1a","Alphaproteobacteria",14.0444129459013
"BOX_8_96","DBO3","DBO3","C1a","Bacteroidia",48.2163949917316
"BOX_8_96","DBO3","DBO3","C1a","CPR2",0
"BOX_8_96","DBO3","DBO3","C1a","Campylobacteria",0
"BOX_8_96","DBO3","DBO3","C1a","Chitinivibrionia",0
"BOX_8_96","DBO3","DBO3","C1a","Clostridia",0
"BOX_8_96","DBO3","DBO3","C1a","Deltaproteobacteria",0.0767776990314198
"BOX_8_96","DBO3","DBO3","C1a","Gammaproteobacteria",34.4200330734704
"BOX_8_96","DBO3","DBO3","C1a","Gracilibacteria",0
"BOX_8_96","DBO3","DBO3","C1a","Kiritimatiellae",0
"BOX_8_96","DBO3","DBO3","C1a","Lentisphaeria",0
"BOX_8_96","DBO3","DBO3","C1a","Lokiarchaeia",0
"BOX_8_96","DBO3","DBO3","C1a","Marinimicrobia_(SAR406_clade)_cl",0
"BOX_8_96","DBO3","DBO3","C1a","Mollicutes",0
"BOX_8_96","DBO3","DBO3","C1a","Nitrososphaeria",0
"BOX_8_96","DBO3","DBO3","C1a","Nitrospinia",0
"BOX_8_96","DBO3","DBO3","C1a","OM190",0
"BOX_8_96","DBO3","DBO3","C1a","Oligosphaeria",0
"BOX_8_96","DBO3","DBO3","C1a","Oxyphotobacteria",0
"BOX_8_96","DBO3","DBO3","C1a","Phycisphaerae",0
"BOX_8_96","DBO3","DBO3","C1a","Planctomycetacia",0
"BOX_8_96","DBO3","DBO3","C1a","Spirochaetia",0
"BOX_8_96","DBO3","DBO3","C1a","Thermoplasmata",0
"BOX_8_96","DBO3","DBO3","C1a","Verrucomicrobiae",3.24238128986535
"BOX_8_97","DBO3","DBO3","C1a","Acidimicrobiia",0
"BOX_8_97","DBO3","DBO3","C1a","Actinobacteria",0
"BOX_8_97","DBO3","DBO3","C1a","Alphaproteobacteria",17.0936545639634
"BOX_8_97","DBO3","DBO3","C1a","Bacteroidia",43.9514760773668
"BOX_8_97","DBO3","DBO3","C1a","CPR2",0
"BOX_8_97","DBO3","DBO3","C1a","Campylobacteria",0
"BOX_8_97","DBO3","DBO3","C1a","Chitinivibrionia",0
"BOX_8_97","DBO3","DBO3","C1a","Clostridia",0
"BOX_8_97","DBO3","DBO3","C1a","Deltaproteobacteria",0
"BOX_8_97","DBO3","DBO3","C1a","Gammaproteobacteria",33.8310145911096
"BOX_8_97","DBO3","DBO3","C1a","Gracilibacteria",1.78147268408551
"BOX_8_97","DBO3","DBO3","C1a","Kiritimatiellae",0
"BOX_8_97","DBO3","DBO3","C1a","Lentisphaeria",0
"BOX_8_97","DBO3","DBO3","C1a","Lokiarchaeia",0
"BOX_8_97","DBO3","DBO3","C1a","Marinimicrobia_(SAR406_clade)_cl",0
"BOX_8_97","DBO3","DBO3","C1a","Mollicutes",0
"BOX_8_97","DBO3","DBO3","C1a","Nitrososphaeria",0
"BOX_8_97","DBO3","DBO3","C1a","Nitrospinia",0
"BOX_8_97","DBO3","DBO3","C1a","OM190",0
"BOX_8_97","DBO3","DBO3","C1a","Oligosphaeria",0
"BOX_8_97","DBO3","DBO3","C1a","Oxyphotobacteria",0
"BOX_8_97","DBO3","DBO3","C1a","Phycisphaerae",0
"BOX_8_97","DBO3","DBO3","C1a","Planctomycetacia",0
"BOX_8_97","DBO3","DBO3","C1a","Spirochaetia",0
"BOX_8_97","DBO3","DBO3","C1a","Thermoplasmata",0
"BOX_8_97","DBO3","DBO3","C1a","Verrucomicrobiae",3.34238208347472
"BOX_8_98","DBO3","DBO3","C1a","Acidimicrobiia",0.183654729109275
"BOX_8_98","DBO3","DBO3","C1a","Actinobacteria",0
"BOX_8_98","DBO3","DBO3","C1a","Alphaproteobacteria",16.7388167388167
"BOX_8_98","DBO3","DBO3","C1a","Bacteroidia",43.7557392102847
"BOX_8_98","DBO3","DBO3","C1a","CPR2",0
"BOX_8_98","DBO3","DBO3","C1a","Campylobacteria",0
"BOX_8_98","DBO3","DBO3","C1a","Chitinivibrionia",0
"BOX_8_98","DBO3","DBO3","C1a","Clostridia",0
"BOX_8_98","DBO3","DBO3","C1a","Deltaproteobacteria",0.137741046831956
"BOX_8_98","DBO3","DBO3","C1a","Gammaproteobacteria",34.4155844155844
"BOX_8_98","DBO3","DBO3","C1a","Gracilibacteria",0.623114259477896
"BOX_8_98","DBO3","DBO3","C1a","Kiritimatiellae",0
"BOX_8_98","DBO3","DBO3","C1a","Lentisphaeria",0
"BOX_8_98","DBO3","DBO3","C1a","Lokiarchaeia",0
"BOX_8_98","DBO3","DBO3","C1a","Marinimicrobia_(SAR406_clade)_cl",0
"BOX_8_98","DBO3","DBO3","C1a","Mollicutes",0
"BOX_8_98","DBO3","DBO3","C1a","Nitrososphaeria",0
"BOX_8_98","DBO3","DBO3","C1a","Nitrospinia",0
"BOX_8_98","DBO3","DBO3","C1a","OM190",0
"BOX_8_98","DBO3","DBO3","C1a","Oligosphaeria",0
"BOX_8_98","DBO3","DBO3","C1a","Oxyphotobacteria",0
"BOX_8_98","DBO3","DBO3","C1a","Phycisphaerae",0
"BOX_8_98","DBO3","DBO3","C1a","Planctomycetacia",0
"BOX_8_98","DBO3","DBO3","C1a","Spirochaetia",0
"BOX_8_98","DBO3","DBO3","C1a","Thermoplasmata",0.131181949363768
"BOX_8_98","DBO3","DBO3","C1a","Verrucomicrobiae",4.01416765053129
"BOX_8_99","CBE","Other transects","C2b2","Acidimicrobiia",0
"BOX_8_99","CBE","Other transects","C2b2","Actinobacteria",0.564664262875026
"BOX_8_99","CBE","Other transects","C2b2","Alphaproteobacteria",23.2804952717872
"BOX_8_99","CBE","Other transects","C2b2","Bacteroidia",35.6282740322471
"BOX_8_99","CBE","Other transects","C2b2","CPR2",0
"BOX_8_99","CBE","Other transects","C2b2","Campylobacteria",0
"BOX_8_99","CBE","Other transects","C2b2","Chitinivibrionia",0
"BOX_8_99","CBE","Other transects","C2b2","Clostridia",0
"BOX_8_99","CBE","Other transects","C2b2","Deltaproteobacteria",0
"BOX_8_99","CBE","Other transects","C2b2","Gammaproteobacteria",38.7305258861147
"BOX_8_99","CBE","Other transects","C2b2","Gracilibacteria",0
"BOX_8_99","CBE","Other transects","C2b2","Kiritimatiellae",0
"BOX_8_99","CBE","Other transects","C2b2","Lentisphaeria",0
"BOX_8_99","CBE","Other transects","C2b2","Lokiarchaeia",0
"BOX_8_99","CBE","Other transects","C2b2","Marinimicrobia_(SAR406_clade)_cl",0
"BOX_8_99","CBE","Other transects","C2b2","Mollicutes",0
"BOX_8_99","CBE","Other transects","C2b2","Nitrososphaeria",0
"BOX_8_99","CBE","Other transects","C2b2","Nitrospinia",0
"BOX_8_99","CBE","Other transects","C2b2","OM190",0
"BOX_8_99","CBE","Other transects","C2b2","Oligosphaeria",0
"BOX_8_99","CBE","Other transects","C2b2","Oxyphotobacteria",0
"BOX_8_99","CBE","Other transects","C2b2","Phycisphaerae",0.272127355602422
"BOX_8_99","CBE","Other transects","C2b2","Planctomycetacia",0
"BOX_8_99","CBE","Other transects","C2b2","Spirochaetia",0
"BOX_8_99","CBE","Other transects","C2b2","Thermoplasmata",0
"BOX_8_99","CBE","Other transects","C2b2","Verrucomicrobiae",1.52391319137356
"BOX_9_1","DBO3","DBO3","B1","Acidimicrobiia",0
"BOX_9_1","DBO3","DBO3","B1","Actinobacteria",0
"BOX_9_1","DBO3","DBO3","B1","Alphaproteobacteria",22.0120246620457
"BOX_9_1","DBO3","DBO3","B1","Bacteroidia",25.9908857657106
"BOX_9_1","DBO3","DBO3","B1","CPR2",0
"BOX_9_1","DBO3","DBO3","B1","Campylobacteria",0.164668938842722
"BOX_9_1","DBO3","DBO3","B1","Chitinivibrionia",0
"BOX_9_1","DBO3","DBO3","B1","Clostridia",0
"BOX_9_1","DBO3","DBO3","B1","Deltaproteobacteria",1.25990885765711
"BOX_9_1","DBO3","DBO3","B1","Gammaproteobacteria",38.4061578524107
"BOX_9_1","DBO3","DBO3","B1","Gracilibacteria",0
"BOX_9_1","DBO3","DBO3","B1","Kiritimatiellae",0
"BOX_9_1","DBO3","DBO3","B1","Lentisphaeria",0
"BOX_9_1","DBO3","DBO3","B1","Lokiarchaeia",0
"BOX_9_1","DBO3","DBO3","B1","Marinimicrobia_(SAR406_clade)_cl",0.183816489870945
"BOX_9_1","DBO3","DBO3","B1","Mollicutes",0
"BOX_9_1","DBO3","DBO3","B1","Nitrososphaeria",0
"BOX_9_1","DBO3","DBO3","B1","Nitrospinia",0
"BOX_9_1","DBO3","DBO3","B1","OM190",0
"BOX_9_1","DBO3","DBO3","B1","Oligosphaeria",0
"BOX_9_1","DBO3","DBO3","B1","Oxyphotobacteria",0
"BOX_9_1","DBO3","DBO3","B1","Phycisphaerae",0
"BOX_9_1","DBO3","DBO3","B1","Planctomycetacia",0
"BOX_9_1","DBO3","DBO3","B1","Spirochaetia",0
"BOX_9_1","DBO3","DBO3","B1","Thermoplasmata",0
"BOX_9_1","DBO3","DBO3","B1","Verrucomicrobiae",11.9825374334623
"BOX_9_10","SLY","Other transects","A2","Acidimicrobiia",0
"BOX_9_10","SLY","Other transects","A2","Actinobacteria",0
"BOX_9_10","SLY","Other transects","A2","Alphaproteobacteria",36.5212310089599
"BOX_9_10","SLY","Other transects","A2","Bacteroidia",4.44098169068952
"BOX_9_10","SLY","Other transects","A2","CPR2",0
"BOX_9_10","SLY","Other transects","A2","Campylobacteria",0
"BOX_9_10","SLY","Other transects","A2","Chitinivibrionia",0
"BOX_9_10","SLY","Other transects","A2","Clostridia",0
"BOX_9_10","SLY","Other transects","A2","Deltaproteobacteria",0
"BOX_9_10","SLY","Other transects","A2","Gammaproteobacteria",59.0377873003506
"BOX_9_10","SLY","Other transects","A2","Gracilibacteria",0
"BOX_9_10","SLY","Other transects","A2","Kiritimatiellae",0
"BOX_9_10","SLY","Other transects","A2","Lentisphaeria",0
"BOX_9_10","SLY","Other transects","A2","Lokiarchaeia",0
"BOX_9_10","SLY","Other transects","A2","Marinimicrobia_(SAR406_clade)_cl",0
"BOX_9_10","SLY","Other transects","A2","Mollicutes",0
"BOX_9_10","SLY","Other transects","A2","Nitrososphaeria",0
"BOX_9_10","SLY","Other transects","A2","Nitrospinia",0
"BOX_9_10","SLY","Other transects","A2","OM190",0
"BOX_9_10","SLY","Other transects","A2","Oligosphaeria",0
"BOX_9_10","SLY","Other transects","A2","Oxyphotobacteria",0
"BOX_9_10","SLY","Other transects","A2","Phycisphaerae",0
"BOX_9_10","SLY","Other transects","A2","Planctomycetacia",0
"BOX_9_10","SLY","Other transects","A2","Spirochaetia",0
"BOX_9_10","SLY","Other transects","A2","Thermoplasmata",0
"BOX_9_10","SLY","Other transects","A2","Verrucomicrobiae",0
"BOX_9_11","SLY","Other transects","B2a","Acidimicrobiia",0
"BOX_9_11","SLY","Other transects","B2a","Actinobacteria",0
"BOX_9_11","SLY","Other transects","B2a","Alphaproteobacteria",15.965735264124
"BOX_9_11","SLY","Other transects","B2a","Bacteroidia",22.6432796247196
"BOX_9_11","SLY","Other transects","B2a","CPR2",0
"BOX_9_11","SLY","Other transects","B2a","Campylobacteria",0
"BOX_9_11","SLY","Other transects","B2a","Chitinivibrionia",0
"BOX_9_11","SLY","Other transects","B2a","Clostridia",0
"BOX_9_11","SLY","Other transects","B2a","Deltaproteobacteria",0.179481949826637
"BOX_9_11","SLY","Other transects","B2a","Gammaproteobacteria",57.793187844177
"BOX_9_11","SLY","Other transects","B2a","Gracilibacteria",0
"BOX_9_11","SLY","Other transects","B2a","Kiritimatiellae",0
"BOX_9_11","SLY","Other transects","B2a","Lentisphaeria",0
"BOX_9_11","SLY","Other transects","B2a","Lokiarchaeia",0
"BOX_9_11","SLY","Other transects","B2a","Marinimicrobia_(SAR406_clade)_cl",0.0734244340199877
"BOX_9_11","SLY","Other transects","B2a","Mollicutes",0
"BOX_9_11","SLY","Other transects","B2a","Nitrososphaeria",0.469100550683255
"BOX_9_11","SLY","Other transects","B2a","Nitrospinia",0
"BOX_9_11","SLY","Other transects","B2a","OM190",0
"BOX_9_11","SLY","Other transects","B2a","Oligosphaeria",0
"BOX_9_11","SLY","Other transects","B2a","Oxyphotobacteria",0
"BOX_9_11","SLY","Other transects","B2a","Phycisphaerae",0
"BOX_9_11","SLY","Other transects","B2a","Planctomycetacia",0
"BOX_9_11","SLY","Other transects","B2a","Spirochaetia",0
"BOX_9_11","SLY","Other transects","B2a","Thermoplasmata",0
"BOX_9_11","SLY","Other transects","B2a","Verrucomicrobiae",2.87579033244952
"BOX_9_12","SLY","Other transects","B2a","Acidimicrobiia",0
"BOX_9_12","SLY","Other transects","B2a","Actinobacteria",0
"BOX_9_12","SLY","Other transects","B2a","Alphaproteobacteria",34.883842066882
"BOX_9_12","SLY","Other transects","B2a","Bacteroidia",25.8985310969893
"BOX_9_12","SLY","Other transects","B2a","CPR2",0
"BOX_9_12","SLY","Other transects","B2a","Campylobacteria",0
"BOX_9_12","SLY","Other transects","B2a","Chitinivibrionia",0
"BOX_9_12","SLY","Other transects","B2a","Clostridia",0
"BOX_9_12","SLY","Other transects","B2a","Deltaproteobacteria",0.182310657360142
"BOX_9_12","SLY","Other transects","B2a","Gammaproteobacteria",38.4675487029899
"BOX_9_12","SLY","Other transects","B2a","Gracilibacteria",0
"BOX_9_12","SLY","Other transects","B2a","Kiritimatiellae",0
"BOX_9_12","SLY","Other transects","B2a","Lentisphaeria",0
"BOX_9_12","SLY","Other transects","B2a","Lokiarchaeia",0
"BOX_9_12","SLY","Other transects","B2a","Marinimicrobia_(SAR406_clade)_cl",0
"BOX_9_12","SLY","Other transects","B2a","Mollicutes",0
"BOX_9_12","SLY","Other transects","B2a","Nitrososphaeria",0
"BOX_9_12","SLY","Other transects","B2a","Nitrospinia",0
"BOX_9_12","SLY","Other transects","B2a","OM190",0
"BOX_9_12","SLY","Other transects","B2a","Oligosphaeria",0
"BOX_9_12","SLY","Other transects","B2a","Oxyphotobacteria",0
"BOX_9_12","SLY","Other transects","B2a","Phycisphaerae",0
"BOX_9_12","SLY","Other transects","B2a","Planctomycetacia",0
"BOX_9_12","SLY","Other transects","B2a","Spirochaetia",0
"BOX_9_12","SLY","Other transects","B2a","Thermoplasmata",0
"BOX_9_12","SLY","Other transects","B2a","Verrucomicrobiae",0.567767475778727
"BOX_9_13","SLY","Other transects","C2a","Acidimicrobiia",0.461267127933795
"BOX_9_13","SLY","Other transects","C2a","Actinobacteria",0.520056075611631
"BOX_9_13","SLY","Other transects","C2a","Alphaproteobacteria",36.6209921765477
"BOX_9_13","SLY","Other transects","C2a","Bacteroidia",23.176412065301
"BOX_9_13","SLY","Other transects","C2a","CPR2",0
"BOX_9_13","SLY","Other transects","C2a","Campylobacteria",0
"BOX_9_13","SLY","Other transects","C2a","Chitinivibrionia",0
"BOX_9_13","SLY","Other transects","C2a","Clostridia",0
"BOX_9_13","SLY","Other transects","C2a","Deltaproteobacteria",0.465789354678244
"BOX_9_13","SLY","Other transects","C2a","Gammaproteobacteria",33.8353005019672
"BOX_9_13","SLY","Other transects","C2a","Gracilibacteria",0.149233482566816
"BOX_9_13","SLY","Other transects","C2a","Kiritimatiellae",0
"BOX_9_13","SLY","Other transects","C2a","Lentisphaeria",0
"BOX_9_13","SLY","Other transects","C2a","Lokiarchaeia",0
"BOX_9_13","SLY","Other transects","C2a","Marinimicrobia_(SAR406_clade)_cl",0
"BOX_9_13","SLY","Other transects","C2a","Mollicutes",0
"BOX_9_13","SLY","Other transects","C2a","Nitrososphaeria",0
"BOX_9_13","SLY","Other transects","C2a","Nitrospinia",0
"BOX_9_13","SLY","Other transects","C2a","OM190",0
"BOX_9_13","SLY","Other transects","C2a","Oligosphaeria",0
"BOX_9_13","SLY","Other transects","C2a","Oxyphotobacteria",0
"BOX_9_13","SLY","Other transects","C2a","Phycisphaerae",0.91801202912314
"BOX_9_13","SLY","Other transects","C2a","Planctomycetacia",0
"BOX_9_13","SLY","Other transects","C2a","Spirochaetia",0.48387826165604
"BOX_9_13","SLY","Other transects","C2a","Thermoplasmata",0
"BOX_9_13","SLY","Other transects","C2a","Verrucomicrobiae",3.36905892461448
"BOX_9_14","SLY","Other transects","C2a","Acidimicrobiia",0
"BOX_9_14","SLY","Other transects","C2a","Actinobacteria",1.72290021536253
"BOX_9_14","SLY","Other transects","C2a","Alphaproteobacteria",34.7499401770758
"BOX_9_14","SLY","Other transects","C2a","Bacteroidia",19.9186408231634
"BOX_9_14","SLY","Other transects","C2a","CPR2",0
"BOX_9_14","SLY","Other transects","C2a","Campylobacteria",0
"BOX_9_14","SLY","Other transects","C2a","Chitinivibrionia",0
"BOX_9_14","SLY","Other transects","C2a","Clostridia",0
"BOX_9_14","SLY","Other transects","C2a","Deltaproteobacteria",0
"BOX_9_14","SLY","Other transects","C2a","Gammaproteobacteria",40.799234266571
"BOX_9_14","SLY","Other transects","C2a","Gracilibacteria",0
"BOX_9_14","SLY","Other transects","C2a","Kiritimatiellae",0
"BOX_9_14","SLY","Other transects","C2a","Lentisphaeria",0
"BOX_9_14","SLY","Other transects","C2a","Lokiarchaeia",0
"BOX_9_14","SLY","Other transects","C2a","Marinimicrobia_(SAR406_clade)_cl",0
"BOX_9_14","SLY","Other transects","C2a","Mollicutes",0
"BOX_9_14","SLY","Other transects","C2a","Nitrososphaeria",0
"BOX_9_14","SLY","Other transects","C2a","Nitrospinia",0
"BOX_9_14","SLY","Other transects","C2a","OM190",0
"BOX_9_14","SLY","Other transects","C2a","Oligosphaeria",0
"BOX_9_14","SLY","Other transects","C2a","Oxyphotobacteria",0.531227566403446
"BOX_9_14","SLY","Other transects","C2a","Phycisphaerae",0.33500837520938
"BOX_9_14","SLY","Other transects","C2a","Planctomycetacia",0
"BOX_9_14","SLY","Other transects","C2a","Spirochaetia",0.832735104091888
"BOX_9_14","SLY","Other transects","C2a","Thermoplasmata",0
"BOX_9_14","SLY","Other transects","C2a","Verrucomicrobiae",1.11031347212252
"BOX_9_15","SLY","Other transects","C2a","Acidimicrobiia",0.310924369747899
"BOX_9_15","SLY","Other transects","C2a","Actinobacteria",4.00840336134454
"BOX_9_15","SLY","Other transects","C2a","Alphaproteobacteria",37.890756302521
"BOX_9_15","SLY","Other transects","C2a","Bacteroidia",29.0924369747899
"BOX_9_15","SLY","Other transects","C2a","CPR2",0
"BOX_9_15","SLY","Other transects","C2a","Campylobacteria",0
"BOX_9_15","SLY","Other transects","C2a","Chitinivibrionia",0
"BOX_9_15","SLY","Other transects","C2a","Clostridia",0
"BOX_9_15","SLY","Other transects","C2a","Deltaproteobacteria",0.105042016806723
"BOX_9_15","SLY","Other transects","C2a","Gammaproteobacteria",24.9663865546218
"BOX_9_15","SLY","Other transects","C2a","Gracilibacteria",0
"BOX_9_15","SLY","Other transects","C2a","Kiritimatiellae",0
"BOX_9_15","SLY","Other transects","C2a","Lentisphaeria",0
"BOX_9_15","SLY","Other transects","C2a","Lokiarchaeia",0
"BOX_9_15","SLY","Other transects","C2a","Marinimicrobia_(SAR406_clade)_cl",0
"BOX_9_15","SLY","Other transects","C2a","Mollicutes",0
"BOX_9_15","SLY","Other transects","C2a","Nitrososphaeria",0
"BOX_9_15","SLY","Other transects","C2a","Nitrospinia",0
"BOX_9_15","SLY","Other transects","C2a","OM190",0.11344537815126
"BOX_9_15","SLY","Other transects","C2a","Oligosphaeria",0
"BOX_9_15","SLY","Other transects","C2a","Oxyphotobacteria",0.529411764705882
"BOX_9_15","SLY","Other transects","C2a","Phycisphaerae",0.928571428571428
"BOX_9_15","SLY","Other transects","C2a","Planctomycetacia",0
"BOX_9_15","SLY","Other transects","C2a","Spirochaetia",0.361344537815126
"BOX_9_15","SLY","Other transects","C2a","Thermoplasmata",0
"BOX_9_15","SLY","Other transects","C2a","Verrucomicrobiae",1.69327731092437
"BOX_9_16","SLY","Other transects","C2a","Acidimicrobiia",0.457860615883306
"BOX_9_16","SLY","Other transects","C2a","Actinobacteria",0.409238249594814
"BOX_9_16","SLY","Other transects","C2a","Alphaproteobacteria",30.0931928687196
"BOX_9_16","SLY","Other transects","C2a","Bacteroidia",29.047811993517
"BOX_9_16","SLY","Other transects","C2a","CPR2",0
"BOX_9_16","SLY","Other transects","C2a","Campylobacteria",0
"BOX_9_16","SLY","Other transects","C2a","Chitinivibrionia",0
"BOX_9_16","SLY","Other transects","C2a","Clostridia",0
"BOX_9_16","SLY","Other transects","C2a","Deltaproteobacteria",0.526742301458671
"BOX_9_16","SLY","Other transects","C2a","Gammaproteobacteria",33.4400324149109
"BOX_9_16","SLY","Other transects","C2a","Gracilibacteria",0.39708265802269
"BOX_9_16","SLY","Other transects","C2a","Kiritimatiellae",0
"BOX_9_16","SLY","Other transects","C2a","Lentisphaeria",0
"BOX_9_16","SLY","Other transects","C2a","Lokiarchaeia",0
"BOX_9_16","SLY","Other transects","C2a","Marinimicrobia_(SAR406_clade)_cl",0
"BOX_9_16","SLY","Other transects","C2a","Mollicutes",0
"BOX_9_16","SLY","Other transects","C2a","Nitrososphaeria",0
"BOX_9_16","SLY","Other transects","C2a","Nitrospinia",0
"BOX_9_16","SLY","Other transects","C2a","OM190",0.0567260940032415
"BOX_9_16","SLY","Other transects","C2a","Oligosphaeria",0
"BOX_9_16","SLY","Other transects","C2a","Oxyphotobacteria",0
"BOX_9_16","SLY","Other transects","C2a","Phycisphaerae",1.00486223662885
"BOX_9_16","SLY","Other transects","C2a","Planctomycetacia",0
"BOX_9_16","SLY","Other transects","C2a","Spirochaetia",1.51134521880065
"BOX_9_16","SLY","Other transects","C2a","Thermoplasmata",0
"BOX_9_16","SLY","Other transects","C2a","Verrucomicrobiae",3.05510534846029
"BOX_9_17","IL","Other transects","C2b2","Acidimicrobiia",0.28714582906033
"BOX_9_17","IL","Other transects","C2b2","Actinobacteria",0.351607137624894
"BOX_9_17","IL","Other transects","C2b2","Alphaproteobacteria",23.4727064959419
"BOX_9_17","IL","Other transects","C2b2","Bacteroidia",34.9702598962759
"BOX_9_17","IL","Other transects","C2b2","CPR2",0
"BOX_9_17","IL","Other transects","C2b2","Campylobacteria",0
"BOX_9_17","IL","Other transects","C2b2","Chitinivibrionia",0
"BOX_9_17","IL","Other transects","C2b2","Clostridia",0
"BOX_9_17","IL","Other transects","C2b2","Deltaproteobacteria",0.462949397872777
"BOX_9_17","IL","Other transects","C2b2","Gammaproteobacteria",38.8672390049518
"BOX_9_17","IL","Other transects","C2b2","Gracilibacteria",0
"BOX_9_17","IL","Other transects","C2b2","Kiritimatiellae",0
"BOX_9_17","IL","Other transects","C2b2","Lentisphaeria",0
"BOX_9_17","IL","Other transects","C2b2","Lokiarchaeia",0
"BOX_9_17","IL","Other transects","C2b2","Marinimicrobia_(SAR406_clade)_cl",0
"BOX_9_17","IL","Other transects","C2b2","Mollicutes",0.084971724926016
"BOX_9_17","IL","Other transects","C2b2","Nitrososphaeria",0.0820416654458086
"BOX_9_17","IL","Other transects","C2b2","Nitrospinia",0
"BOX_9_17","IL","Other transects","C2b2","OM190",0
"BOX_9_17","IL","Other transects","C2b2","Oligosphaeria",0
"BOX_9_17","IL","Other transects","C2b2","Oxyphotobacteria",0
"BOX_9_17","IL","Other transects","C2b2","Phycisphaerae",0.366257435025931
"BOX_9_17","IL","Other transects","C2b2","Planctomycetacia",0
"BOX_9_17","IL","Other transects","C2b2","Spirochaetia",0.0879017844062235
"BOX_9_17","IL","Other transects","C2b2","Thermoplasmata",0
"BOX_9_17","IL","Other transects","C2b2","Verrucomicrobiae",0.966919628468458
"BOX_9_18","DBO3","DBO3","C2b2","Acidimicrobiia",0.464997770558634
"BOX_9_18","DBO3","DBO3","C2b2","Actinobacteria",0.286642461303268
"BOX_9_18","DBO3","DBO3","C2b2","Alphaproteobacteria",17.0584113637811
"BOX_9_18","DBO3","DBO3","C2b2","Bacteroidia",41.7160328683356
"BOX_9_18","DBO3","DBO3","C2b2","CPR2",0
"BOX_9_18","DBO3","DBO3","C2b2","Campylobacteria",0
"BOX_9_18","DBO3","DBO3","C2b2","Chitinivibrionia",0
"BOX_9_18","DBO3","DBO3","C2b2","Clostridia",0
"BOX_9_18","DBO3","DBO3","C2b2","Deltaproteobacteria",0.23568380151602
"BOX_9_18","DBO3","DBO3","C2b2","Gammaproteobacteria",37.5692719281483
"BOX_9_18","DBO3","DBO3","C2b2","Gracilibacteria",0
"BOX_9_18","DBO3","DBO3","C2b2","Kiritimatiellae",0
"BOX_9_18","DBO3","DBO3","C2b2","Lentisphaeria",0
"BOX_9_18","DBO3","DBO3","C2b2","Lokiarchaeia",0
"BOX_9_18","DBO3","DBO3","C2b2","Marinimicrobia_(SAR406_clade)_cl",0
"BOX_9_18","DBO3","DBO3","C2b2","Mollicutes",0
"BOX_9_18","DBO3","DBO3","C2b2","Nitrososphaeria",0.108287152047901
"BOX_9_18","DBO3","DBO3","C2b2","Nitrospinia",0
"BOX_9_18","DBO3","DBO3","C2b2","OM190",0
"BOX_9_18","DBO3","DBO3","C2b2","Oligosphaeria",0
"BOX_9_18","DBO3","DBO3","C2b2","Oxyphotobacteria",0
"BOX_9_18","DBO3","DBO3","C2b2","Phycisphaerae",0.522326262819288
"BOX_9_18","DBO3","DBO3","C2b2","Planctomycetacia",0
"BOX_9_18","DBO3","DBO3","C2b2","Spirochaetia",0.515956430345882
"BOX_9_18","DBO3","DBO3","C2b2","Thermoplasmata",0
"BOX_9_18","DBO3","DBO3","C2b2","Verrucomicrobiae",1.52238996114402
"BOX_9_19","DBO3","DBO3","C2b2","Acidimicrobiia",0.582719098521977
"BOX_9_19","DBO3","DBO3","C2b2","Actinobacteria",0.119631073206499
"BOX_9_19","DBO3","DBO3","C2b2","Alphaproteobacteria",17.921506579709
"BOX_9_19","DBO3","DBO3","C2b2","Bacteroidia",40.4584571450623
"BOX_9_19","DBO3","DBO3","C2b2","CPR2",0
"BOX_9_19","DBO3","DBO3","C2b2","Campylobacteria",0
"BOX_9_19","DBO3","DBO3","C2b2","Chitinivibrionia",0
"BOX_9_19","DBO3","DBO3","C2b2","Clostridia",0
"BOX_9_19","DBO3","DBO3","C2b2","Deltaproteobacteria",0.38204762088527
"BOX_9_19","DBO3","DBO3","C2b2","Gammaproteobacteria",35.0673407170146
"BOX_9_19","DBO3","DBO3","C2b2","Gracilibacteria",0
"BOX_9_19","DBO3","DBO3","C2b2","Kiritimatiellae",0
"BOX_9_19","DBO3","DBO3","C2b2","Lentisphaeria",0
"BOX_9_19","DBO3","DBO3","C2b2","Lokiarchaeia",0
"BOX_9_19","DBO3","DBO3","C2b2","Marinimicrobia_(SAR406_clade)_cl",0
"BOX_9_19","DBO3","DBO3","C2b2","Mollicutes",0
"BOX_9_19","DBO3","DBO3","C2b2","Nitrososphaeria",0.169798942615675
"BOX_9_19","DBO3","DBO3","C2b2","Nitrospinia",0
"BOX_9_19","DBO3","DBO3","C2b2","OM190",0
"BOX_9_19","DBO3","DBO3","C2b2","Oligosphaeria",0
"BOX_9_19","DBO3","DBO3","C2b2","Oxyphotobacteria",0
"BOX_9_19","DBO3","DBO3","C2b2","Phycisphaerae",0.355034152741867
"BOX_9_19","DBO3","DBO3","C2b2","Planctomycetacia",0
"BOX_9_19","DBO3","DBO3","C2b2","Spirochaetia",0
"BOX_9_19","DBO3","DBO3","C2b2","Thermoplasmata",0
"BOX_9_19","DBO3","DBO3","C2b2","Verrucomicrobiae",4.94346467024273
"BOX_9_2","DBO3","DBO3","B1","Acidimicrobiia",0
"BOX_9_2","DBO3","DBO3","B1","Actinobacteria",0
"BOX_9_2","DBO3","DBO3","B1","Alphaproteobacteria",18.3570581257414
"BOX_9_2","DBO3","DBO3","B1","Bacteroidia",30.8837485172005
"BOX_9_2","DBO3","DBO3","B1","CPR2",0
"BOX_9_2","DBO3","DBO3","B1","Campylobacteria",0
"BOX_9_2","DBO3","DBO3","B1","Chitinivibrionia",0
"BOX_9_2","DBO3","DBO3","B1","Clostridia",0
"BOX_9_2","DBO3","DBO3","B1","Deltaproteobacteria",0.391459074733096
"BOX_9_2","DBO3","DBO3","B1","Gammaproteobacteria",37.4614472123369
"BOX_9_2","DBO3","DBO3","B1","Gracilibacteria",0
"BOX_9_2","DBO3","DBO3","B1","Kiritimatiellae",0
"BOX_9_2","DBO3","DBO3","B1","Lentisphaeria",0
"BOX_9_2","DBO3","DBO3","B1","Lokiarchaeia",0
"BOX_9_2","DBO3","DBO3","B1","Marinimicrobia_(SAR406_clade)_cl",0.0948991696322657
"BOX_9_2","DBO3","DBO3","B1","Mollicutes",0
"BOX_9_2","DBO3","DBO3","B1","Nitrososphaeria",0
"BOX_9_2","DBO3","DBO3","B1","Nitrospinia",0
"BOX_9_2","DBO3","DBO3","B1","OM190",0
"BOX_9_2","DBO3","DBO3","B1","Oligosphaeria",0
"BOX_9_2","DBO3","DBO3","B1","Oxyphotobacteria",0
"BOX_9_2","DBO3","DBO3","B1","Phycisphaerae",0
"BOX_9_2","DBO3","DBO3","B1","Planctomycetacia",0
"BOX_9_2","DBO3","DBO3","B1","Spirochaetia",0
"BOX_9_2","DBO3","DBO3","B1","Thermoplasmata",0
"BOX_9_2","DBO3","DBO3","B1","Verrucomicrobiae",12.8113879003559
"BOX_9_20","DBO3","DBO3","C2b2","Acidimicrobiia",0.246134244512654
"BOX_9_20","DBO3","DBO3","C2b2","Actinobacteria",0.0897666068222621
"BOX_9_20","DBO3","DBO3","C2b2","Alphaproteobacteria",18.0691492442231
"BOX_9_20","DBO3","DBO3","C2b2","Bacteroidia",36.8882840099612
"BOX_9_20","DBO3","DBO3","C2b2","CPR2",0
"BOX_9_20","DBO3","DBO3","C2b2","Campylobacteria",0.153471940696126
"BOX_9_20","DBO3","DBO3","C2b2","Chitinivibrionia",0
"BOX_9_20","DBO3","DBO3","C2b2","Clostridia",0
"BOX_9_20","DBO3","DBO3","C2b2","Deltaproteobacteria",0.32431806335785
"BOX_9_20","DBO3","DBO3","C2b2","Gammaproteobacteria",37.2357676492732
"BOX_9_20","DBO3","DBO3","C2b2","Gracilibacteria",0
"BOX_9_20","DBO3","DBO3","C2b2","Kiritimatiellae",0
"BOX_9_20","DBO3","DBO3","C2b2","Lentisphaeria",0
"BOX_9_20","DBO3","DBO3","C2b2","Lokiarchaeia",0
"BOX_9_20","DBO3","DBO3","C2b2","Marinimicrobia_(SAR406_clade)_cl",0
"BOX_9_20","DBO3","DBO3","C2b2","Mollicutes",0
"BOX_9_20","DBO3","DBO3","C2b2","Nitrososphaeria",0
"BOX_9_20","DBO3","DBO3","C2b2","Nitrospinia",0
"BOX_9_20","DBO3","DBO3","C2b2","OM190",0
"BOX_9_20","DBO3","DBO3","C2b2","Oligosphaeria",0
"BOX_9_20","DBO3","DBO3","C2b2","Oxyphotobacteria",0
"BOX_9_20","DBO3","DBO3","C2b2","Phycisphaerae",0
"BOX_9_20","DBO3","DBO3","C2b2","Planctomycetacia",0
"BOX_9_20","DBO3","DBO3","C2b2","Spirochaetia",0
"BOX_9_20","DBO3","DBO3","C2b2","Thermoplasmata",0.0405397579197313
"BOX_9_20","DBO3","DBO3","C2b2","Verrucomicrobiae",6.95256848323392
"BOX_9_23","KL","Other transects","C2b2","Acidimicrobiia",0
"BOX_9_23","KL","Other transects","C2b2","Actinobacteria",0.101522842639594
"BOX_9_23","KL","Other transects","C2b2","Alphaproteobacteria",13.7502538071066
"BOX_9_23","KL","Other transects","C2b2","Bacteroidia",42.1766497461929
"BOX_9_23","KL","Other transects","C2b2","CPR2",0
"BOX_9_23","KL","Other transects","C2b2","Campylobacteria",0
"BOX_9_23","KL","Other transects","C2b2","Chitinivibrionia",0
"BOX_9_23","KL","Other transects","C2b2","Clostridia",0
"BOX_9_23","KL","Other transects","C2b2","Deltaproteobacteria",0.552284263959391
"BOX_9_23","KL","Other transects","C2b2","Gammaproteobacteria",37.4741116751269
"BOX_9_23","KL","Other transects","C2b2","Gracilibacteria",0
"BOX_9_23","KL","Other transects","C2b2","Kiritimatiellae",0
"BOX_9_23","KL","Other transects","C2b2","Lentisphaeria",0
"BOX_9_23","KL","Other transects","C2b2","Lokiarchaeia",0
"BOX_9_23","KL","Other transects","C2b2","Marinimicrobia_(SAR406_clade)_cl",0
"BOX_9_23","KL","Other transects","C2b2","Mollicutes",0
"BOX_9_23","KL","Other transects","C2b2","Nitrososphaeria",0
"BOX_9_23","KL","Other transects","C2b2","Nitrospinia",0
"BOX_9_23","KL","Other transects","C2b2","OM190",0
"BOX_9_23","KL","Other transects","C2b2","Oligosphaeria",0
"BOX_9_23","KL","Other transects","C2b2","Oxyphotobacteria",0
"BOX_9_23","KL","Other transects","C2b2","Phycisphaerae",0.158375634517766
"BOX_9_23","KL","Other transects","C2b2","Planctomycetacia",0
"BOX_9_23","KL","Other transects","C2b2","Spirochaetia",0
"BOX_9_23","KL","Other transects","C2b2","Thermoplasmata",0
"BOX_9_23","KL","Other transects","C2b2","Verrucomicrobiae",5.78680203045685
"BOX_9_24","KL","Other transects","C2b2","Acidimicrobiia",0.165850895999353
"BOX_9_24","KL","Other transects","C2b2","Actinobacteria",0
"BOX_9_24","KL","Other transects","C2b2","Alphaproteobacteria",15.5009910602322
"BOX_9_24","KL","Other transects","C2b2","Bacteroidia",38.3965049957526
"BOX_9_24","KL","Other transects","C2b2","CPR2",0
"BOX_9_24","KL","Other transects","C2b2","Campylobacteria",0
"BOX_9_24","KL","Other transects","C2b2","Chitinivibrionia",0
"BOX_9_24","KL","Other transects","C2b2","Clostridia",0
"BOX_9_24","KL","Other transects","C2b2","Deltaproteobacteria",0.351927511023017
"BOX_9_24","KL","Other transects","C2b2","Gammaproteobacteria",41.8874640993487
"BOX_9_24","KL","Other transects","C2b2","Gracilibacteria",0
"BOX_9_24","KL","Other transects","C2b2","Kiritimatiellae",0
"BOX_9_24","KL","Other transects","C2b2","Lentisphaeria",0
"BOX_9_24","KL","Other transects","C2b2","Lokiarchaeia",0
"BOX_9_24","KL","Other transects","C2b2","Marinimicrobia_(SAR406_clade)_cl",0
"BOX_9_24","KL","Other transects","C2b2","Mollicutes",0
"BOX_9_24","KL","Other transects","C2b2","Nitrososphaeria",0
"BOX_9_24","KL","Other transects","C2b2","Nitrospinia",0
"BOX_9_24","KL","Other transects","C2b2","OM190",0.0364062942437604
"BOX_9_24","KL","Other transects","C2b2","Oligosphaeria",0
"BOX_9_24","KL","Other transects","C2b2","Oxyphotobacteria",0
"BOX_9_24","KL","Other transects","C2b2","Phycisphaerae",0
"BOX_9_24","KL","Other transects","C2b2","Planctomycetacia",0
"BOX_9_24","KL","Other transects","C2b2","Spirochaetia",0
"BOX_9_24","KL","Other transects","C2b2","Thermoplasmata",0
"BOX_9_24","KL","Other transects","C2b2","Verrucomicrobiae",3.66085514340035
"BOX_9_25","KL","Other transects","C2b2","Acidimicrobiia",0.0486570650058388
"BOX_9_25","KL","Other transects","C2b2","Actinobacteria",0.0973141300116777
"BOX_9_25","KL","Other transects","C2b2","Alphaproteobacteria",11.8074477747502
"BOX_9_25","KL","Other transects","C2b2","Bacteroidia",49.7761775009731
"BOX_9_25","KL","Other transects","C2b2","CPR2",0
"BOX_9_25","KL","Other transects","C2b2","Campylobacteria",0
"BOX_9_25","KL","Other transects","C2b2","Chitinivibrionia",0
"BOX_9_25","KL","Other transects","C2b2","Clostridia",0
"BOX_9_25","KL","Other transects","C2b2","Deltaproteobacteria",0.249772933696639
"BOX_9_25","KL","Other transects","C2b2","Gammaproteobacteria",37.0312702737771
"BOX_9_25","KL","Other transects","C2b2","Gracilibacteria",0
"BOX_9_25","KL","Other transects","C2b2","Kiritimatiellae",0
"BOX_9_25","KL","Other transects","C2b2","Lentisphaeria",0
"BOX_9_25","KL","Other transects","C2b2","Lokiarchaeia",0
"BOX_9_25","KL","Other transects","C2b2","Marinimicrobia_(SAR406_clade)_cl",0
"BOX_9_25","KL","Other transects","C2b2","Mollicutes",0.0356818476709485
"BOX_9_25","KL","Other transects","C2b2","Nitrososphaeria",0
"BOX_9_25","KL","Other transects","C2b2","Nitrospinia",0
"BOX_9_25","KL","Other transects","C2b2","OM190",0
"BOX_9_25","KL","Other transects","C2b2","Oligosphaeria",0
"BOX_9_25","KL","Other transects","C2b2","Oxyphotobacteria",0
"BOX_9_25","KL","Other transects","C2b2","Phycisphaerae",0
"BOX_9_25","KL","Other transects","C2b2","Planctomycetacia",0
"BOX_9_25","KL","Other transects","C2b2","Spirochaetia",0
"BOX_9_25","KL","Other transects","C2b2","Thermoplasmata",0
"BOX_9_25","KL","Other transects","C2b2","Verrucomicrobiae",0.953678474114441
"BOX_9_26","KL","Other transects","C2b2","Acidimicrobiia",0.0773363725170954
"BOX_9_26","KL","Other transects","C2b2","Actinobacteria",0
"BOX_9_26","KL","Other transects","C2b2","Alphaproteobacteria",11.2911103874959
"BOX_9_26","KL","Other transects","C2b2","Bacteroidia",38.7577336372517
"BOX_9_26","KL","Other transects","C2b2","CPR2",0
"BOX_9_26","KL","Other transects","C2b2","Campylobacteria",0.17909475740801
"BOX_9_26","KL","Other transects","C2b2","Chitinivibrionia",0
"BOX_9_26","KL","Other transects","C2b2","Clostridia",0
"BOX_9_26","KL","Other transects","C2b2","Deltaproteobacteria",0.500651253663302
"BOX_9_26","KL","Other transects","C2b2","Gammaproteobacteria",45.1155975252361
"BOX_9_26","KL","Other transects","C2b2","Gracilibacteria",0
"BOX_9_26","KL","Other transects","C2b2","Kiritimatiellae",0
"BOX_9_26","KL","Other transects","C2b2","Lentisphaeria",0
"BOX_9_26","KL","Other transects","C2b2","Lokiarchaeia",0
"BOX_9_26","KL","Other transects","C2b2","Marinimicrobia_(SAR406_clade)_cl",0
"BOX_9_26","KL","Other transects","C2b2","Mollicutes",0
"BOX_9_26","KL","Other transects","C2b2","Nitrososphaeria",0
"BOX_9_26","KL","Other transects","C2b2","Nitrospinia",0
"BOX_9_26","KL","Other transects","C2b2","OM190",0
"BOX_9_26","KL","Other transects","C2b2","Oligosphaeria",0
"BOX_9_26","KL","Other transects","C2b2","Oxyphotobacteria",0
"BOX_9_26","KL","Other transects","C2b2","Phycisphaerae",0
"BOX_9_26","KL","Other transects","C2b2","Planctomycetacia",0
"BOX_9_26","KL","Other transects","C2b2","Spirochaetia",0
"BOX_9_26","KL","Other transects","C2b2","Thermoplasmata",0
"BOX_9_26","KL","Other transects","C2b2","Verrucomicrobiae",4.07847606642787
"BOX_9_27","KL","Other transects","C2b2","Acidimicrobiia",0.329531051964512
"BOX_9_27","KL","Other transects","C2b2","Actinobacteria",0
"BOX_9_27","KL","Other transects","C2b2","Alphaproteobacteria",16.1153358681876
"BOX_9_27","KL","Other transects","C2b2","Bacteroidia",36.8314321926489
"BOX_9_27","KL","Other transects","C2b2","CPR2",0.228136882129278
"BOX_9_27","KL","Other transects","C2b2","Campylobacteria",0.183776932826363
"BOX_9_27","KL","Other transects","C2b2","Chitinivibrionia",0
"BOX_9_27","KL","Other transects","C2b2","Clostridia",0
"BOX_9_27","KL","Other transects","C2b2","Deltaproteobacteria",0.595690747782003
"BOX_9_27","KL","Other transects","C2b2","Gammaproteobacteria",36.2927756653993
"BOX_9_27","KL","Other transects","C2b2","Gracilibacteria",0.253485424588086
"BOX_9_27","KL","Other transects","C2b2","Kiritimatiellae",0
"BOX_9_27","KL","Other transects","C2b2","Lentisphaeria",0
"BOX_9_27","KL","Other transects","C2b2","Lokiarchaeia",0
"BOX_9_27","KL","Other transects","C2b2","Marinimicrobia_(SAR406_clade)_cl",0.139416983523447
"BOX_9_27","KL","Other transects","C2b2","Mollicutes",0
"BOX_9_27","KL","Other transects","C2b2","Nitrososphaeria",1.29911280101394
"BOX_9_27","KL","Other transects","C2b2","Nitrospinia",0
"BOX_9_27","KL","Other transects","C2b2","OM190",0.0443599493029151
"BOX_9_27","KL","Other transects","C2b2","Oligosphaeria",0
"BOX_9_27","KL","Other transects","C2b2","Oxyphotobacteria",0
"BOX_9_27","KL","Other transects","C2b2","Phycisphaerae",0.297845373891001
"BOX_9_27","KL","Other transects","C2b2","Planctomycetacia",0
"BOX_9_27","KL","Other transects","C2b2","Spirochaetia",0
"BOX_9_27","KL","Other transects","C2b2","Thermoplasmata",0
"BOX_9_27","KL","Other transects","C2b2","Verrucomicrobiae",7.38910012674271
"BOX_9_28","KL","Other transects","C2b2","Acidimicrobiia",0
"BOX_9_28","KL","Other transects","C2b2","Actinobacteria",0.15358361774744
"BOX_9_28","KL","Other transects","C2b2","Alphaproteobacteria",12.7773037542662
"BOX_9_28","KL","Other transects","C2b2","Bacteroidia",41.2798634812287
"BOX_9_28","KL","Other transects","C2b2","CPR2",0
"BOX_9_28","KL","Other transects","C2b2","Campylobacteria",0.110921501706485
"BOX_9_28","KL","Other transects","C2b2","Chitinivibrionia",0
"BOX_9_28","KL","Other transects","C2b2","Clostridia",0
"BOX_9_28","KL","Other transects","C2b2","Deltaproteobacteria",0.0426621160409556
"BOX_9_28","KL","Other transects","C2b2","Gammaproteobacteria",45.0170648464164
"BOX_9_28","KL","Other transects","C2b2","Gracilibacteria",0
"BOX_9_28","KL","Other transects","C2b2","Kiritimatiellae",0
"BOX_9_28","KL","Other transects","C2b2","Lentisphaeria",0
"BOX_9_28","KL","Other transects","C2b2","Lokiarchaeia",0
"BOX_9_28","KL","Other transects","C2b2","Marinimicrobia_(SAR406_clade)_cl",0
"BOX_9_28","KL","Other transects","C2b2","Mollicutes",0
"BOX_9_28","KL","Other transects","C2b2","Nitrososphaeria",0
"BOX_9_28","KL","Other transects","C2b2","Nitrospinia",0
"BOX_9_28","KL","Other transects","C2b2","OM190",0
"BOX_9_28","KL","Other transects","C2b2","Oligosphaeria",0
"BOX_9_28","KL","Other transects","C2b2","Oxyphotobacteria",0
"BOX_9_28","KL","Other transects","C2b2","Phycisphaerae",0
"BOX_9_28","KL","Other transects","C2b2","Planctomycetacia",0
"BOX_9_28","KL","Other transects","C2b2","Spirochaetia",0
"BOX_9_28","KL","Other transects","C2b2","Thermoplasmata",0
"BOX_9_28","KL","Other transects","C2b2","Verrucomicrobiae",0.618600682593856
"BOX_9_29","KL","Other transects","B2a","Acidimicrobiia",0
"BOX_9_29","KL","Other transects","B2a","Actinobacteria",0
"BOX_9_29","KL","Other transects","B2a","Alphaproteobacteria",5.22400534938148
"BOX_9_29","KL","Other transects","B2a","Bacteroidia",44.6756937479104
"BOX_9_29","KL","Other transects","B2a","CPR2",0
"BOX_9_29","KL","Other transects","B2a","Campylobacteria",0
"BOX_9_29","KL","Other transects","B2a","Chitinivibrionia",0
"BOX_9_29","KL","Other transects","B2a","Clostridia",0
"BOX_9_29","KL","Other transects","B2a","Deltaproteobacteria",0
"BOX_9_29","KL","Other transects","B2a","Gammaproteobacteria",47.0745570043464
"BOX_9_29","KL","Other transects","B2a","Gracilibacteria",0
"BOX_9_29","KL","Other transects","B2a","Kiritimatiellae",0
"BOX_9_29","KL","Other transects","B2a","Lentisphaeria",0
"BOX_9_29","KL","Other transects","B2a","Lokiarchaeia",0
"BOX_9_29","KL","Other transects","B2a","Marinimicrobia_(SAR406_clade)_cl",0
"BOX_9_29","KL","Other transects","B2a","Mollicutes",0
"BOX_9_29","KL","Other transects","B2a","Nitrososphaeria",0
"BOX_9_29","KL","Other transects","B2a","Nitrospinia",0
"BOX_9_29","KL","Other transects","B2a","OM190",0
"BOX_9_29","KL","Other transects","B2a","Oligosphaeria",0
"BOX_9_29","KL","Other transects","B2a","Oxyphotobacteria",0
"BOX_9_29","KL","Other transects","B2a","Phycisphaerae",0
"BOX_9_29","KL","Other transects","B2a","Planctomycetacia",0
"BOX_9_29","KL","Other transects","B2a","Spirochaetia",0
"BOX_9_29","KL","Other transects","B2a","Thermoplasmata",0
"BOX_9_29","KL","Other transects","B2a","Verrucomicrobiae",3.02574389836175
"BOX_9_30","CB","Other transects","B1","Acidimicrobiia",0
"BOX_9_30","CB","Other transects","B1","Actinobacteria",0
"BOX_9_30","CB","Other transects","B1","Alphaproteobacteria",1.36797454931071
"BOX_9_30","CB","Other transects","B1","Bacteroidia",39.5970307529162
"BOX_9_30","CB","Other transects","B1","CPR2",0
"BOX_9_30","CB","Other transects","B1","Campylobacteria",0
"BOX_9_30","CB","Other transects","B1","Chitinivibrionia",0
"BOX_9_30","CB","Other transects","B1","Clostridia",0
"BOX_9_30","CB","Other transects","B1","Deltaproteobacteria",0
"BOX_9_30","CB","Other transects","B1","Gammaproteobacteria",40.4453870625663
"BOX_9_30","CB","Other transects","B1","Gracilibacteria",0
"BOX_9_30","CB","Other transects","B1","Kiritimatiellae",0
"BOX_9_30","CB","Other transects","B1","Lentisphaeria",0
"BOX_9_30","CB","Other transects","B1","Lokiarchaeia",0
"BOX_9_30","CB","Other transects","B1","Marinimicrobia_(SAR406_clade)_cl",0
"BOX_9_30","CB","Other transects","B1","Mollicutes",0
"BOX_9_30","CB","Other transects","B1","Nitrososphaeria",11.4634146341463
"BOX_9_30","CB","Other transects","B1","Nitrospinia",0
"BOX_9_30","CB","Other transects","B1","OM190",0
"BOX_9_30","CB","Other transects","B1","Oligosphaeria",0
"BOX_9_30","CB","Other transects","B1","Oxyphotobacteria",0
"BOX_9_30","CB","Other transects","B1","Phycisphaerae",0
"BOX_9_30","CB","Other transects","B1","Planctomycetacia",0
"BOX_9_30","CB","Other transects","B1","Spirochaetia",0
"BOX_9_30","CB","Other transects","B1","Thermoplasmata",1.29374337221633
"BOX_9_30","CB","Other transects","B1","Verrucomicrobiae",5.83244962884411
"BOX_9_31","CB","Other transects","A1","Acidimicrobiia",0
"BOX_9_31","CB","Other transects","A1","Actinobacteria",0
"BOX_9_31","CB","Other transects","A1","Alphaproteobacteria",28.1318082788671
"BOX_9_31","CB","Other transects","A1","Bacteroidia",14.6514161220044
"BOX_9_31","CB","Other transects","A1","CPR2",0
"BOX_9_31","CB","Other transects","A1","Campylobacteria",0
"BOX_9_31","CB","Other transects","A1","Chitinivibrionia",0
"BOX_9_31","CB","Other transects","A1","Clostridia",0
"BOX_9_31","CB","Other transects","A1","Deltaproteobacteria",0
"BOX_9_31","CB","Other transects","A1","Gammaproteobacteria",46.609477124183
"BOX_9_31","CB","Other transects","A1","Gracilibacteria",0
"BOX_9_31","CB","Other transects","A1","Kiritimatiellae",0
"BOX_9_31","CB","Other transects","A1","Lentisphaeria",0
"BOX_9_31","CB","Other transects","A1","Lokiarchaeia",0
"BOX_9_31","CB","Other transects","A1","Marinimicrobia_(SAR406_clade)_cl",0
"BOX_9_31","CB","Other transects","A1","Mollicutes",0
"BOX_9_31","CB","Other transects","A1","Nitrososphaeria",0
"BOX_9_31","CB","Other transects","A1","Nitrospinia",0
"BOX_9_31","CB","Other transects","A1","OM190",0
"BOX_9_31","CB","Other transects","A1","Oligosphaeria",0
"BOX_9_31","CB","Other transects","A1","Oxyphotobacteria",0
"BOX_9_31","CB","Other transects","A1","Phycisphaerae",0
"BOX_9_31","CB","Other transects","A1","Planctomycetacia",0
"BOX_9_31","CB","Other transects","A1","Spirochaetia",0
"BOX_9_31","CB","Other transects","A1","Thermoplasmata",0
"BOX_9_31","CB","Other transects","A1","Verrucomicrobiae",10.6072984749455
"BOX_9_32","KL","Other transects","B2a","Acidimicrobiia",0
"BOX_9_32","KL","Other transects","B2a","Actinobacteria",0
"BOX_9_32","KL","Other transects","B2a","Alphaproteobacteria",9.6999523733926
"BOX_9_32","KL","Other transects","B2a","Bacteroidia",40.5540561993967
"BOX_9_32","KL","Other transects","B2a","CPR2",0
"BOX_9_32","KL","Other transects","B2a","Campylobacteria",0
"BOX_9_32","KL","Other transects","B2a","Chitinivibrionia",0
"BOX_9_32","KL","Other transects","B2a","Clostridia",0
"BOX_9_32","KL","Other transects","B2a","Deltaproteobacteria",0
"BOX_9_32","KL","Other transects","B2a","Gammaproteobacteria",49.7459914272107
"BOX_9_32","KL","Other transects","B2a","Gracilibacteria",0
"BOX_9_32","KL","Other transects","B2a","Kiritimatiellae",0
"BOX_9_32","KL","Other transects","B2a","Lentisphaeria",0
"BOX_9_32","KL","Other transects","B2a","Lokiarchaeia",0
"BOX_9_32","KL","Other transects","B2a","Marinimicrobia_(SAR406_clade)_cl",0
"BOX_9_32","KL","Other transects","B2a","Mollicutes",0
"BOX_9_32","KL","Other transects","B2a","Nitrososphaeria",0
"BOX_9_32","KL","Other transects","B2a","Nitrospinia",0
"BOX_9_32","KL","Other transects","B2a","OM190",0
"BOX_9_32","KL","Other transects","B2a","Oligosphaeria",0
"BOX_9_32","KL","Other transects","B2a","Oxyphotobacteria",0
"BOX_9_32","KL","Other transects","B2a","Phycisphaerae",0
"BOX_9_32","KL","Other transects","B2a","Planctomycetacia",0
"BOX_9_32","KL","Other transects","B2a","Spirochaetia",0
"BOX_9_32","KL","Other transects","B2a","Thermoplasmata",0
"BOX_9_32","KL","Other transects","B2a","Verrucomicrobiae",0
"BOX_9_33","SLY","Other transects","B2a","Acidimicrobiia",0
"BOX_9_33","SLY","Other transects","B2a","Actinobacteria",0
"BOX_9_33","SLY","Other transects","B2a","Alphaproteobacteria",12.038035486717
"BOX_9_33","SLY","Other transects","B2a","Bacteroidia",30.3009508871679
"BOX_9_33","SLY","Other transects","B2a","CPR2",0
"BOX_9_33","SLY","Other transects","B2a","Campylobacteria",0
"BOX_9_33","SLY","Other transects","B2a","Chitinivibrionia",0
"BOX_9_33","SLY","Other transects","B2a","Clostridia",0
"BOX_9_33","SLY","Other transects","B2a","Deltaproteobacteria",0.225468091363592
"BOX_9_33","SLY","Other transects","B2a","Gammaproteobacteria",51.3871189099108
"BOX_9_33","SLY","Other transects","B2a","Gracilibacteria",0
"BOX_9_33","SLY","Other transects","B2a","Kiritimatiellae",0
"BOX_9_33","SLY","Other transects","B2a","Lentisphaeria",0
"BOX_9_33","SLY","Other transects","B2a","Lokiarchaeia",0
"BOX_9_33","SLY","Other transects","B2a","Marinimicrobia_(SAR406_clade)_cl",0
"BOX_9_33","SLY","Other transects","B2a","Mollicutes",0
"BOX_9_33","SLY","Other transects","B2a","Nitrososphaeria",0
"BOX_9_33","SLY","Other transects","B2a","Nitrospinia",0
"BOX_9_33","SLY","Other transects","B2a","OM190",0
"BOX_9_33","SLY","Other transects","B2a","Oligosphaeria",0
"BOX_9_33","SLY","Other transects","B2a","Oxyphotobacteria",0
"BOX_9_33","SLY","Other transects","B2a","Phycisphaerae",0
"BOX_9_33","SLY","Other transects","B2a","Planctomycetacia",0
"BOX_9_33","SLY","Other transects","B2a","Spirochaetia",0
"BOX_9_33","SLY","Other transects","B2a","Thermoplasmata",0
"BOX_9_33","SLY","Other transects","B2a","Verrucomicrobiae",6.0484266248407
"BOX_9_34","SLY","Other transects","A2","Acidimicrobiia",0
"BOX_9_34","SLY","Other transects","A2","Actinobacteria",0
"BOX_9_34","SLY","Other transects","A2","Alphaproteobacteria",1.55058464667006
"BOX_9_34","SLY","Other transects","A2","Bacteroidia",0
"BOX_9_34","SLY","Other transects","A2","CPR2",0
"BOX_9_34","SLY","Other transects","A2","Campylobacteria",0
"BOX_9_34","SLY","Other transects","A2","Chitinivibrionia",0
"BOX_9_34","SLY","Other transects","A2","Clostridia",0
"BOX_9_34","SLY","Other transects","A2","Deltaproteobacteria",0
"BOX_9_34","SLY","Other transects","A2","Gammaproteobacteria",90.7981698017285
"BOX_9_34","SLY","Other transects","A2","Gracilibacteria",0
"BOX_9_34","SLY","Other transects","A2","Kiritimatiellae",0
"BOX_9_34","SLY","Other transects","A2","Lentisphaeria",0
"BOX_9_34","SLY","Other transects","A2","Lokiarchaeia",0
"BOX_9_34","SLY","Other transects","A2","Marinimicrobia_(SAR406_clade)_cl",0
"BOX_9_34","SLY","Other transects","A2","Mollicutes",0
"BOX_9_34","SLY","Other transects","A2","Nitrososphaeria",0
"BOX_9_34","SLY","Other transects","A2","Nitrospinia",0
"BOX_9_34","SLY","Other transects","A2","OM190",0
"BOX_9_34","SLY","Other transects","A2","Oligosphaeria",0
"BOX_9_34","SLY","Other transects","A2","Oxyphotobacteria",0
"BOX_9_34","SLY","Other transects","A2","Phycisphaerae",0
"BOX_9_34","SLY","Other transects","A2","Planctomycetacia",0
"BOX_9_34","SLY","Other transects","A2","Spirochaetia",0
"BOX_9_34","SLY","Other transects","A2","Thermoplasmata",0
"BOX_9_34","SLY","Other transects","A2","Verrucomicrobiae",7.65124555160142
"BOX_9_35","SLY","Other transects","A2","Acidimicrobiia",0
"BOX_9_35","SLY","Other transects","A2","Actinobacteria",0
"BOX_9_35","SLY","Other transects","A2","Alphaproteobacteria",21.6289945440374
"BOX_9_35","SLY","Other transects","A2","Bacteroidia",0
"BOX_9_35","SLY","Other transects","A2","CPR2",0
"BOX_9_35","SLY","Other transects","A2","Campylobacteria",0
"BOX_9_35","SLY","Other transects","A2","Chitinivibrionia",0
"BOX_9_35","SLY","Other transects","A2","Clostridia",0
"BOX_9_35","SLY","Other transects","A2","Deltaproteobacteria",0
"BOX_9_35","SLY","Other transects","A2","Gammaproteobacteria",78.3710054559626
"BOX_9_35","SLY","Other transects","A2","Gracilibacteria",0
"BOX_9_35","SLY","Other transects","A2","Kiritimatiellae",0
"BOX_9_35","SLY","Other transects","A2","Lentisphaeria",0
"BOX_9_35","SLY","Other transects","A2","Lokiarchaeia",0
"BOX_9_35","SLY","Other transects","A2","Marinimicrobia_(SAR406_clade)_cl",0
"BOX_9_35","SLY","Other transects","A2","Mollicutes",0
"BOX_9_35","SLY","Other transects","A2","Nitrososphaeria",0
"BOX_9_35","SLY","Other transects","A2","Nitrospinia",0
"BOX_9_35","SLY","Other transects","A2","OM190",0
"BOX_9_35","SLY","Other transects","A2","Oligosphaeria",0
"BOX_9_35","SLY","Other transects","A2","Oxyphotobacteria",0
"BOX_9_35","SLY","Other transects","A2","Phycisphaerae",0
"BOX_9_35","SLY","Other transects","A2","Planctomycetacia",0
"BOX_9_35","SLY","Other transects","A2","Spirochaetia",0
"BOX_9_35","SLY","Other transects","A2","Thermoplasmata",0
"BOX_9_35","SLY","Other transects","A2","Verrucomicrobiae",0
"BOX_9_36","SLY","Other transects","A2","Acidimicrobiia",0
"BOX_9_36","SLY","Other transects","A2","Actinobacteria",0
"BOX_9_36","SLY","Other transects","A2","Alphaproteobacteria",15.4661791590494
"BOX_9_36","SLY","Other transects","A2","Bacteroidia",0
"BOX_9_36","SLY","Other transects","A2","CPR2",0
"BOX_9_36","SLY","Other transects","A2","Campylobacteria",0.292504570383912
"BOX_9_36","SLY","Other transects","A2","Chitinivibrionia",0
"BOX_9_36","SLY","Other transects","A2","Clostridia",0
"BOX_9_36","SLY","Other transects","A2","Deltaproteobacteria",0.292504570383912
"BOX_9_36","SLY","Other transects","A2","Gammaproteobacteria",83.9488117001828
"BOX_9_36","SLY","Other transects","A2","Gracilibacteria",0
"BOX_9_36","SLY","Other transects","A2","Kiritimatiellae",0
"BOX_9_36","SLY","Other transects","A2","Lentisphaeria",0
"BOX_9_36","SLY","Other transects","A2","Lokiarchaeia",0
"BOX_9_36","SLY","Other transects","A2","Marinimicrobia_(SAR406_clade)_cl",0
"BOX_9_36","SLY","Other transects","A2","Mollicutes",0
"BOX_9_36","SLY","Other transects","A2","Nitrososphaeria",0
"BOX_9_36","SLY","Other transects","A2","Nitrospinia",0
"BOX_9_36","SLY","Other transects","A2","OM190",0
"BOX_9_36","SLY","Other transects","A2","Oligosphaeria",0
"BOX_9_36","SLY","Other transects","A2","Oxyphotobacteria",0
"BOX_9_36","SLY","Other transects","A2","Phycisphaerae",0
"BOX_9_36","SLY","Other transects","A2","Planctomycetacia",0
"BOX_9_36","SLY","Other transects","A2","Spirochaetia",0
"BOX_9_36","SLY","Other transects","A2","Thermoplasmata",0
"BOX_9_36","SLY","Other transects","A2","Verrucomicrobiae",0
"BOX_9_37","SLY","Other transects","A2","Acidimicrobiia",0
"BOX_9_37","SLY","Other transects","A2","Actinobacteria",0
"BOX_9_37","SLY","Other transects","A2","Alphaproteobacteria",48.8547065708076
"BOX_9_37","SLY","Other transects","A2","Bacteroidia",0
"BOX_9_37","SLY","Other transects","A2","CPR2",0
"BOX_9_37","SLY","Other transects","A2","Campylobacteria",0
"BOX_9_37","SLY","Other transects","A2","Chitinivibrionia",0
"BOX_9_37","SLY","Other transects","A2","Clostridia",0
"BOX_9_37","SLY","Other transects","A2","Deltaproteobacteria",0
"BOX_9_37","SLY","Other transects","A2","Gammaproteobacteria",51.1452934291925
"BOX_9_37","SLY","Other transects","A2","Gracilibacteria",0
"BOX_9_37","SLY","Other transects","A2","Kiritimatiellae",0
"BOX_9_37","SLY","Other transects","A2","Lentisphaeria",0
"BOX_9_37","SLY","Other transects","A2","Lokiarchaeia",0
"BOX_9_37","SLY","Other transects","A2","Marinimicrobia_(SAR406_clade)_cl",0
"BOX_9_37","SLY","Other transects","A2","Mollicutes",0
"BOX_9_37","SLY","Other transects","A2","Nitrososphaeria",0
"BOX_9_37","SLY","Other transects","A2","Nitrospinia",0
"BOX_9_37","SLY","Other transects","A2","OM190",0
"BOX_9_37","SLY","Other transects","A2","Oligosphaeria",0
"BOX_9_37","SLY","Other transects","A2","Oxyphotobacteria",0
"BOX_9_37","SLY","Other transects","A2","Phycisphaerae",0
"BOX_9_37","SLY","Other transects","A2","Planctomycetacia",0
"BOX_9_37","SLY","Other transects","A2","Spirochaetia",0
"BOX_9_37","SLY","Other transects","A2","Thermoplasmata",0
"BOX_9_37","SLY","Other transects","A2","Verrucomicrobiae",0
"BOX_9_38","SLY","Other transects","A2","Acidimicrobiia",0
"BOX_9_38","SLY","Other transects","A2","Actinobacteria",0
"BOX_9_38","SLY","Other transects","A2","Alphaproteobacteria",36.5824782951855
"BOX_9_38","SLY","Other transects","A2","Bacteroidia",0
"BOX_9_38","SLY","Other transects","A2","CPR2",0
"BOX_9_38","SLY","Other transects","A2","Campylobacteria",0
"BOX_9_38","SLY","Other transects","A2","Chitinivibrionia",0
"BOX_9_38","SLY","Other transects","A2","Clostridia",0
"BOX_9_38","SLY","Other transects","A2","Deltaproteobacteria",0
"BOX_9_38","SLY","Other transects","A2","Gammaproteobacteria",63.4175217048145
"BOX_9_38","SLY","Other transects","A2","Gracilibacteria",0
"BOX_9_38","SLY","Other transects","A2","Kiritimatiellae",0
"BOX_9_38","SLY","Other transects","A2","Lentisphaeria",0
"BOX_9_38","SLY","Other transects","A2","Lokiarchaeia",0
"BOX_9_38","SLY","Other transects","A2","Marinimicrobia_(SAR406_clade)_cl",0
"BOX_9_38","SLY","Other transects","A2","Mollicutes",0
"BOX_9_38","SLY","Other transects","A2","Nitrososphaeria",0
"BOX_9_38","SLY","Other transects","A2","Nitrospinia",0
"BOX_9_38","SLY","Other transects","A2","OM190",0
"BOX_9_38","SLY","Other transects","A2","Oligosphaeria",0
"BOX_9_38","SLY","Other transects","A2","Oxyphotobacteria",0
"BOX_9_38","SLY","Other transects","A2","Phycisphaerae",0
"BOX_9_38","SLY","Other transects","A2","Planctomycetacia",0
"BOX_9_38","SLY","Other transects","A2","Spirochaetia",0
"BOX_9_38","SLY","Other transects","A2","Thermoplasmata",0
"BOX_9_38","SLY","Other transects","A2","Verrucomicrobiae",0
"BOX_9_39","SLY","Other transects","A2","Acidimicrobiia",0
"BOX_9_39","SLY","Other transects","A2","Actinobacteria",0.156576200417537
"BOX_9_39","SLY","Other transects","A2","Alphaproteobacteria",20.8072372999304
"BOX_9_39","SLY","Other transects","A2","Bacteroidia",5.93249826026444
"BOX_9_39","SLY","Other transects","A2","CPR2",0
"BOX_9_39","SLY","Other transects","A2","Campylobacteria",0
"BOX_9_39","SLY","Other transects","A2","Chitinivibrionia",0
"BOX_9_39","SLY","Other transects","A2","Clostridia",0
"BOX_9_39","SLY","Other transects","A2","Deltaproteobacteria",0.504523312456507
"BOX_9_39","SLY","Other transects","A2","Gammaproteobacteria",72.5991649269311
"BOX_9_39","SLY","Other transects","A2","Gracilibacteria",0
"BOX_9_39","SLY","Other transects","A2","Kiritimatiellae",0
"BOX_9_39","SLY","Other transects","A2","Lentisphaeria",0
"BOX_9_39","SLY","Other transects","A2","Lokiarchaeia",0
"BOX_9_39","SLY","Other transects","A2","Marinimicrobia_(SAR406_clade)_cl",0
"BOX_9_39","SLY","Other transects","A2","Mollicutes",0
"BOX_9_39","SLY","Other transects","A2","Nitrososphaeria",0
"BOX_9_39","SLY","Other transects","A2","Nitrospinia",0
"BOX_9_39","SLY","Other transects","A2","OM190",0
"BOX_9_39","SLY","Other transects","A2","Oligosphaeria",0
"BOX_9_39","SLY","Other transects","A2","Oxyphotobacteria",0
"BOX_9_39","SLY","Other transects","A2","Phycisphaerae",0
"BOX_9_39","SLY","Other transects","A2","Planctomycetacia",0
"BOX_9_39","SLY","Other transects","A2","Spirochaetia",0
"BOX_9_39","SLY","Other transects","A2","Thermoplasmata",0
"BOX_9_39","SLY","Other transects","A2","Verrucomicrobiae",0
"BOX_9_40","SLY","Other transects","A2","Acidimicrobiia",0
"BOX_9_40","SLY","Other transects","A2","Actinobacteria",0.132647985408722
"BOX_9_40","SLY","Other transects","A2","Alphaproteobacteria",16.9623611341403
"BOX_9_40","SLY","Other transects","A2","Bacteroidia",8.57237605703864
"BOX_9_40","SLY","Other transects","A2","CPR2",0
"BOX_9_40","SLY","Other transects","A2","Campylobacteria",0
"BOX_9_40","SLY","Other transects","A2","Chitinivibrionia",0
"BOX_9_40","SLY","Other transects","A2","Clostridia",0
"BOX_9_40","SLY","Other transects","A2","Deltaproteobacteria",1.09434587962195
"BOX_9_40","SLY","Other transects","A2","Gammaproteobacteria",62.5103631238601
"BOX_9_40","SLY","Other transects","A2","Gracilibacteria",0
"BOX_9_40","SLY","Other transects","A2","Kiritimatiellae",0
"BOX_9_40","SLY","Other transects","A2","Lentisphaeria",0
"BOX_9_40","SLY","Other transects","A2","Lokiarchaeia",0
"BOX_9_40","SLY","Other transects","A2","Marinimicrobia_(SAR406_clade)_cl",0
"BOX_9_40","SLY","Other transects","A2","Mollicutes",0
"BOX_9_40","SLY","Other transects","A2","Nitrososphaeria",0
"BOX_9_40","SLY","Other transects","A2","Nitrospinia",0
"BOX_9_40","SLY","Other transects","A2","OM190",0
"BOX_9_40","SLY","Other transects","A2","Oligosphaeria",0
"BOX_9_40","SLY","Other transects","A2","Oxyphotobacteria",0
"BOX_9_40","SLY","Other transects","A2","Phycisphaerae",5.10694743823578
"BOX_9_40","SLY","Other transects","A2","Planctomycetacia",0
"BOX_9_40","SLY","Other transects","A2","Spirochaetia",0
"BOX_9_40","SLY","Other transects","A2","Thermoplasmata",0
"BOX_9_40","SLY","Other transects","A2","Verrucomicrobiae",5.62095838169458
"BOX_9_41","SLY","Other transects","A2","Acidimicrobiia",0
"BOX_9_41","SLY","Other transects","A2","Actinobacteria",0
"BOX_9_41","SLY","Other transects","A2","Alphaproteobacteria",11.0927152317881
"BOX_9_41","SLY","Other transects","A2","Bacteroidia",11.6307947019868
"BOX_9_41","SLY","Other transects","A2","CPR2",0
"BOX_9_41","SLY","Other transects","A2","Campylobacteria",0
"BOX_9_41","SLY","Other transects","A2","Chitinivibrionia",0
"BOX_9_41","SLY","Other transects","A2","Clostridia",0
"BOX_9_41","SLY","Other transects","A2","Deltaproteobacteria",0.807119205298013
"BOX_9_41","SLY","Other transects","A2","Gammaproteobacteria",65.8940397350993
"BOX_9_41","SLY","Other transects","A2","Gracilibacteria",0
"BOX_9_41","SLY","Other transects","A2","Kiritimatiellae",0
"BOX_9_41","SLY","Other transects","A2","Lentisphaeria",0
"BOX_9_41","SLY","Other transects","A2","Lokiarchaeia",0
"BOX_9_41","SLY","Other transects","A2","Marinimicrobia_(SAR406_clade)_cl",0
"BOX_9_41","SLY","Other transects","A2","Mollicutes",0
"BOX_9_41","SLY","Other transects","A2","Nitrososphaeria",0
"BOX_9_41","SLY","Other transects","A2","Nitrospinia",0
"BOX_9_41","SLY","Other transects","A2","OM190",0
"BOX_9_41","SLY","Other transects","A2","Oligosphaeria",0
"BOX_9_41","SLY","Other transects","A2","Oxyphotobacteria",0
"BOX_9_41","SLY","Other transects","A2","Phycisphaerae",5.00827814569536
"BOX_9_41","SLY","Other transects","A2","Planctomycetacia",0
"BOX_9_41","SLY","Other transects","A2","Spirochaetia",0
"BOX_9_41","SLY","Other transects","A2","Thermoplasmata",0
"BOX_9_41","SLY","Other transects","A2","Verrucomicrobiae",5.56705298013245
"BOX_9_42","SLY","Other transects","A2","Acidimicrobiia",0
"BOX_9_42","SLY","Other transects","A2","Actinobacteria",0
"BOX_9_42","SLY","Other transects","A2","Alphaproteobacteria",6.63707887835384
"BOX_9_42","SLY","Other transects","A2","Bacteroidia",4.63990316723825
"BOX_9_42","SLY","Other transects","A2","CPR2",0
"BOX_9_42","SLY","Other transects","A2","Campylobacteria",0
"BOX_9_42","SLY","Other transects","A2","Chitinivibrionia",0
"BOX_9_42","SLY","Other transects","A2","Clostridia",0
"BOX_9_42","SLY","Other transects","A2","Deltaproteobacteria",0
"BOX_9_42","SLY","Other transects","A2","Gammaproteobacteria",88.7230179544079
"BOX_9_42","SLY","Other transects","A2","Gracilibacteria",0
"BOX_9_42","SLY","Other transects","A2","Kiritimatiellae",0
"BOX_9_42","SLY","Other transects","A2","Lentisphaeria",0
"BOX_9_42","SLY","Other transects","A2","Lokiarchaeia",0
"BOX_9_42","SLY","Other transects","A2","Marinimicrobia_(SAR406_clade)_cl",0
"BOX_9_42","SLY","Other transects","A2","Mollicutes",0
"BOX_9_42","SLY","Other transects","A2","Nitrososphaeria",0
"BOX_9_42","SLY","Other transects","A2","Nitrospinia",0
"BOX_9_42","SLY","Other transects","A2","OM190",0
"BOX_9_42","SLY","Other transects","A2","Oligosphaeria",0
"BOX_9_42","SLY","Other transects","A2","Oxyphotobacteria",0
"BOX_9_42","SLY","Other transects","A2","Phycisphaerae",0
"BOX_9_42","SLY","Other transects","A2","Planctomycetacia",0
"BOX_9_42","SLY","Other transects","A2","Spirochaetia",0
"BOX_9_42","SLY","Other transects","A2","Thermoplasmata",0
"BOX_9_42","SLY","Other transects","A2","Verrucomicrobiae",0
"BOX_9_43","SLY","Other transects","A2","Acidimicrobiia",0
"BOX_9_43","SLY","Other transects","A2","Actinobacteria",0
"BOX_9_43","SLY","Other transects","A2","Alphaproteobacteria",24.7005649717514
"BOX_9_43","SLY","Other transects","A2","Bacteroidia",0
"BOX_9_43","SLY","Other transects","A2","CPR2",0
"BOX_9_43","SLY","Other transects","A2","Campylobacteria",0
"BOX_9_43","SLY","Other transects","A2","Chitinivibrionia",0
"BOX_9_43","SLY","Other transects","A2","Clostridia",0
"BOX_9_43","SLY","Other transects","A2","Deltaproteobacteria",0.361581920903955
"BOX_9_43","SLY","Other transects","A2","Gammaproteobacteria",68.2033898305085
"BOX_9_43","SLY","Other transects","A2","Gracilibacteria",0
"BOX_9_43","SLY","Other transects","A2","Kiritimatiellae",0
"BOX_9_43","SLY","Other transects","A2","Lentisphaeria",0
"BOX_9_43","SLY","Other transects","A2","Lokiarchaeia",0
"BOX_9_43","SLY","Other transects","A2","Marinimicrobia_(SAR406_clade)_cl",0
"BOX_9_43","SLY","Other transects","A2","Mollicutes",0
"BOX_9_43","SLY","Other transects","A2","Nitrososphaeria",0
"BOX_9_43","SLY","Other transects","A2","Nitrospinia",0
"BOX_9_43","SLY","Other transects","A2","OM190",0
"BOX_9_43","SLY","Other transects","A2","Oligosphaeria",0
"BOX_9_43","SLY","Other transects","A2","Oxyphotobacteria",0
"BOX_9_43","SLY","Other transects","A2","Phycisphaerae",0
"BOX_9_43","SLY","Other transects","A2","Planctomycetacia",0
"BOX_9_43","SLY","Other transects","A2","Spirochaetia",0
"BOX_9_43","SLY","Other transects","A2","Thermoplasmata",0
"BOX_9_43","SLY","Other transects","A2","Verrucomicrobiae",6.73446327683616
"BOX_9_44","SLY","Other transects","A1","Acidimicrobiia",0
"BOX_9_44","SLY","Other transects","A1","Actinobacteria",0
"BOX_9_44","SLY","Other transects","A1","Alphaproteobacteria",25.7399499337358
"BOX_9_44","SLY","Other transects","A1","Bacteroidia",0
"BOX_9_44","SLY","Other transects","A1","CPR2",0
"BOX_9_44","SLY","Other transects","A1","Campylobacteria",0
"BOX_9_44","SLY","Other transects","A1","Chitinivibrionia",0
"BOX_9_44","SLY","Other transects","A1","Clostridia",0
"BOX_9_44","SLY","Other transects","A1","Deltaproteobacteria",0
"BOX_9_44","SLY","Other transects","A1","Gammaproteobacteria",69.8571638933883
"BOX_9_44","SLY","Other transects","A1","Gracilibacteria",0
"BOX_9_44","SLY","Other transects","A1","Kiritimatiellae",0
"BOX_9_44","SLY","Other transects","A1","Lentisphaeria",0
"BOX_9_44","SLY","Other transects","A1","Lokiarchaeia",0
"BOX_9_44","SLY","Other transects","A1","Marinimicrobia_(SAR406_clade)_cl",0
"BOX_9_44","SLY","Other transects","A1","Mollicutes",0
"BOX_9_44","SLY","Other transects","A1","Nitrososphaeria",0
"BOX_9_44","SLY","Other transects","A1","Nitrospinia",0
"BOX_9_44","SLY","Other transects","A1","OM190",0
"BOX_9_44","SLY","Other transects","A1","Oligosphaeria",0
"BOX_9_44","SLY","Other transects","A1","Oxyphotobacteria",0
"BOX_9_44","SLY","Other transects","A1","Phycisphaerae",0
"BOX_9_44","SLY","Other transects","A1","Planctomycetacia",0
"BOX_9_44","SLY","Other transects","A1","Spirochaetia",0
"BOX_9_44","SLY","Other transects","A1","Thermoplasmata",0
"BOX_9_44","SLY","Other transects","A1","Verrucomicrobiae",4.40288617287587
"BOX_9_45","SLY","Other transects","C2b1","Acidimicrobiia",0
"BOX_9_45","SLY","Other transects","C2b1","Actinobacteria",1.35618603877194
"BOX_9_45","SLY","Other transects","C2b1","Alphaproteobacteria",18.5705965554539
"BOX_9_45","SLY","Other transects","C2b1","Bacteroidia",33.9212912887927
"BOX_9_45","SLY","Other transects","C2b1","CPR2",0
"BOX_9_45","SLY","Other transects","C2b1","Campylobacteria",0
"BOX_9_45","SLY","Other transects","C2b1","Chitinivibrionia",0
"BOX_9_45","SLY","Other transects","C2b1","Clostridia",0
"BOX_9_45","SLY","Other transects","C2b1","Deltaproteobacteria",0
"BOX_9_45","SLY","Other transects","C2b1","Gammaproteobacteria",39.6705216740161
"BOX_9_45","SLY","Other transects","C2b1","Gracilibacteria",0
"BOX_9_45","SLY","Other transects","C2b1","Kiritimatiellae",0
"BOX_9_45","SLY","Other transects","C2b1","Lentisphaeria",0
"BOX_9_45","SLY","Other transects","C2b1","Lokiarchaeia",0
"BOX_9_45","SLY","Other transects","C2b1","Marinimicrobia_(SAR406_clade)_cl",0
"BOX_9_45","SLY","Other transects","C2b1","Mollicutes",0
"BOX_9_45","SLY","Other transects","C2b1","Nitrososphaeria",0
"BOX_9_45","SLY","Other transects","C2b1","Nitrospinia",0
"BOX_9_45","SLY","Other transects","C2b1","OM190",0
"BOX_9_45","SLY","Other transects","C2b1","Oligosphaeria",0
"BOX_9_45","SLY","Other transects","C2b1","Oxyphotobacteria",0
"BOX_9_45","SLY","Other transects","C2b1","Phycisphaerae",0.158083035194276
"BOX_9_45","SLY","Other transects","C2b1","Planctomycetacia",0
"BOX_9_45","SLY","Other transects","C2b1","Spirochaetia",0
"BOX_9_45","SLY","Other transects","C2b1","Thermoplasmata",0
"BOX_9_45","SLY","Other transects","C2b1","Verrucomicrobiae",6.32332140777103
"BOX_9_46","CBE","Other transects","C2b1","Acidimicrobiia",0
"BOX_9_46","CBE","Other transects","C2b1","Actinobacteria",0.128888125107407
"BOX_9_46","CBE","Other transects","C2b1","Alphaproteobacteria",7.17477229764565
"BOX_9_46","CBE","Other transects","C2b1","Bacteroidia",38.3828836569857
"BOX_9_46","CBE","Other transects","C2b1","CPR2",0
"BOX_9_46","CBE","Other transects","C2b1","Campylobacteria",0
"BOX_9_46","CBE","Other transects","C2b1","Chitinivibrionia",0
"BOX_9_46","CBE","Other transects","C2b1","Clostridia",0
"BOX_9_46","CBE","Other transects","C2b1","Deltaproteobacteria",0
"BOX_9_46","CBE","Other transects","C2b1","Gammaproteobacteria",50.3608867503008
"BOX_9_46","CBE","Other transects","C2b1","Gracilibacteria",0
"BOX_9_46","CBE","Other transects","C2b1","Kiritimatiellae",0
"BOX_9_46","CBE","Other transects","C2b1","Lentisphaeria",0
"BOX_9_46","CBE","Other transects","C2b1","Lokiarchaeia",0
"BOX_9_46","CBE","Other transects","C2b1","Marinimicrobia_(SAR406_clade)_cl",0
"BOX_9_46","CBE","Other transects","C2b1","Mollicutes",0
"BOX_9_46","CBE","Other transects","C2b1","Nitrososphaeria",0
"BOX_9_46","CBE","Other transects","C2b1","Nitrospinia",0
"BOX_9_46","CBE","Other transects","C2b1","OM190",0
"BOX_9_46","CBE","Other transects","C2b1","Oligosphaeria",0
"BOX_9_46","CBE","Other transects","C2b1","Oxyphotobacteria",0
"BOX_9_46","CBE","Other transects","C2b1","Phycisphaerae",0
"BOX_9_46","CBE","Other transects","C2b1","Planctomycetacia",0
"BOX_9_46","CBE","Other transects","C2b1","Spirochaetia",0
"BOX_9_46","CBE","Other transects","C2b1","Thermoplasmata",0
"BOX_9_46","CBE","Other transects","C2b1","Verrucomicrobiae",3.95256916996048
"BOX_9_47","CBE","Other transects","C2b1","Acidimicrobiia",0
"BOX_9_47","CBE","Other transects","C2b1","Actinobacteria",0.332896196913144
"BOX_9_47","CBE","Other transects","C2b1","Alphaproteobacteria",15.636033491375
"BOX_9_47","CBE","Other transects","C2b1","Bacteroidia",35.4988399071926
"BOX_9_47","CBE","Other transects","C2b1","CPR2",0
"BOX_9_47","CBE","Other transects","C2b1","Campylobacteria",0
"BOX_9_47","CBE","Other transects","C2b1","Chitinivibrionia",0
"BOX_9_47","CBE","Other transects","C2b1","Clostridia",0
"BOX_9_47","CBE","Other transects","C2b1","Deltaproteobacteria",0.121053162513871
"BOX_9_47","CBE","Other transects","C2b1","Gammaproteobacteria",42.8830828205387
"BOX_9_47","CBE","Other transects","C2b1","Gracilibacteria",0
"BOX_9_47","CBE","Other transects","C2b1","Kiritimatiellae",0
"BOX_9_47","CBE","Other transects","C2b1","Lentisphaeria",0
"BOX_9_47","CBE","Other transects","C2b1","Lokiarchaeia",0
"BOX_9_47","CBE","Other transects","C2b1","Marinimicrobia_(SAR406_clade)_cl",0
"BOX_9_47","CBE","Other transects","C2b1","Mollicutes",0
"BOX_9_47","CBE","Other transects","C2b1","Nitrososphaeria",0
"BOX_9_47","CBE","Other transects","C2b1","Nitrospinia",0
"BOX_9_47","CBE","Other transects","C2b1","OM190",0
"BOX_9_47","CBE","Other transects","C2b1","Oligosphaeria",0
"BOX_9_47","CBE","Other transects","C2b1","Oxyphotobacteria",0
"BOX_9_47","CBE","Other transects","C2b1","Phycisphaerae",0
"BOX_9_47","CBE","Other transects","C2b1","Planctomycetacia",0
"BOX_9_47","CBE","Other transects","C2b1","Spirochaetia",0
"BOX_9_47","CBE","Other transects","C2b1","Thermoplasmata",0
"BOX_9_47","CBE","Other transects","C2b1","Verrucomicrobiae",5.52809442146676
"BOX_9_48","DBO3","DBO3","C1a","Acidimicrobiia",0
"BOX_9_48","DBO3","DBO3","C1a","Actinobacteria",0
"BOX_9_48","DBO3","DBO3","C1a","Alphaproteobacteria",17.4610449129239
"BOX_9_48","DBO3","DBO3","C1a","Bacteroidia",32.6672777268561
"BOX_9_48","DBO3","DBO3","C1a","CPR2",0
"BOX_9_48","DBO3","DBO3","C1a","Campylobacteria",0
"BOX_9_48","DBO3","DBO3","C1a","Chitinivibrionia",0
"BOX_9_48","DBO3","DBO3","C1a","Clostridia",0
"BOX_9_48","DBO3","DBO3","C1a","Deltaproteobacteria",0.430797433547204
"BOX_9_48","DBO3","DBO3","C1a","Gammaproteobacteria",37.0210815765353
"BOX_9_48","DBO3","DBO3","C1a","Gracilibacteria",0
"BOX_9_48","DBO3","DBO3","C1a","Kiritimatiellae",0.366636113657195
"BOX_9_48","DBO3","DBO3","C1a","Lentisphaeria",0
"BOX_9_48","DBO3","DBO3","C1a","Lokiarchaeia",0
"BOX_9_48","DBO3","DBO3","C1a","Marinimicrobia_(SAR406_clade)_cl",0
"BOX_9_48","DBO3","DBO3","C1a","Mollicutes",0
"BOX_9_48","DBO3","DBO3","C1a","Nitrososphaeria",1.37488542621448
"BOX_9_48","DBO3","DBO3","C1a","Nitrospinia",0
"BOX_9_48","DBO3","DBO3","C1a","OM190",0
"BOX_9_48","DBO3","DBO3","C1a","Oligosphaeria",0
"BOX_9_48","DBO3","DBO3","C1a","Oxyphotobacteria",0
"BOX_9_48","DBO3","DBO3","C1a","Phycisphaerae",0
"BOX_9_48","DBO3","DBO3","C1a","Planctomycetacia",0
"BOX_9_48","DBO3","DBO3","C1a","Spirochaetia",0
"BOX_9_48","DBO3","DBO3","C1a","Thermoplasmata",0
"BOX_9_48","DBO3","DBO3","C1a","Verrucomicrobiae",10.6782768102658
"BOX_9_49","DBO3","DBO3","C2b1","Acidimicrobiia",0
"BOX_9_49","DBO3","DBO3","C2b1","Actinobacteria",0.430285477865122
"BOX_9_49","DBO3","DBO3","C2b1","Alphaproteobacteria",21.3984278030616
"BOX_9_49","DBO3","DBO3","C2b1","Bacteroidia",48.4484898634671
"BOX_9_49","DBO3","DBO3","C2b1","CPR2",0
"BOX_9_49","DBO3","DBO3","C2b1","Campylobacteria",0
"BOX_9_49","DBO3","DBO3","C2b1","Chitinivibrionia",0
"BOX_9_49","DBO3","DBO3","C2b1","Clostridia",0
"BOX_9_49","DBO3","DBO3","C2b1","Deltaproteobacteria",0
"BOX_9_49","DBO3","DBO3","C2b1","Gammaproteobacteria",29.3338849813819
"BOX_9_49","DBO3","DBO3","C2b1","Gracilibacteria",0
"BOX_9_49","DBO3","DBO3","C2b1","Kiritimatiellae",0
"BOX_9_49","DBO3","DBO3","C2b1","Lentisphaeria",0
"BOX_9_49","DBO3","DBO3","C2b1","Lokiarchaeia",0
"BOX_9_49","DBO3","DBO3","C2b1","Marinimicrobia_(SAR406_clade)_cl",0
"BOX_9_49","DBO3","DBO3","C2b1","Mollicutes",0
"BOX_9_49","DBO3","DBO3","C2b1","Nitrososphaeria",0
"BOX_9_49","DBO3","DBO3","C2b1","Nitrospinia",0
"BOX_9_49","DBO3","DBO3","C2b1","OM190",0
"BOX_9_49","DBO3","DBO3","C2b1","Oligosphaeria",0
"BOX_9_49","DBO3","DBO3","C2b1","Oxyphotobacteria",0
"BOX_9_49","DBO3","DBO3","C2b1","Phycisphaerae",0
"BOX_9_49","DBO3","DBO3","C2b1","Planctomycetacia",0
"BOX_9_49","DBO3","DBO3","C2b1","Spirochaetia",0
"BOX_9_49","DBO3","DBO3","C2b1","Thermoplasmata",0
"BOX_9_49","DBO3","DBO3","C2b1","Verrucomicrobiae",0.388911874224245
"BOX_9_50","DBO3","DBO3","C2b1","Acidimicrobiia",0
"BOX_9_50","DBO3","DBO3","C2b1","Actinobacteria",0.10989010989011
"BOX_9_50","DBO3","DBO3","C2b1","Alphaproteobacteria",9.05808477237048
"BOX_9_50","DBO3","DBO3","C2b1","Bacteroidia",45.4552590266876
"BOX_9_50","DBO3","DBO3","C2b1","CPR2",0
"BOX_9_50","DBO3","DBO3","C2b1","Campylobacteria",0
"BOX_9_50","DBO3","DBO3","C2b1","Chitinivibrionia",0
"BOX_9_50","DBO3","DBO3","C2b1","Clostridia",0
"BOX_9_50","DBO3","DBO3","C2b1","Deltaproteobacteria",0.204081632653061
"BOX_9_50","DBO3","DBO3","C2b1","Gammaproteobacteria",42.8100470957614
"BOX_9_50","DBO3","DBO3","C2b1","Gracilibacteria",0
"BOX_9_50","DBO3","DBO3","C2b1","Kiritimatiellae",0
"BOX_9_50","DBO3","DBO3","C2b1","Lentisphaeria",0
"BOX_9_50","DBO3","DBO3","C2b1","Lokiarchaeia",0
"BOX_9_50","DBO3","DBO3","C2b1","Marinimicrobia_(SAR406_clade)_cl",0
"BOX_9_50","DBO3","DBO3","C2b1","Mollicutes",0
"BOX_9_50","DBO3","DBO3","C2b1","Nitrososphaeria",0
"BOX_9_50","DBO3","DBO3","C2b1","Nitrospinia",0
"BOX_9_50","DBO3","DBO3","C2b1","OM190",0
"BOX_9_50","DBO3","DBO3","C2b1","Oligosphaeria",0
"BOX_9_50","DBO3","DBO3","C2b1","Oxyphotobacteria",0
"BOX_9_50","DBO3","DBO3","C2b1","Phycisphaerae",0
"BOX_9_50","DBO3","DBO3","C2b1","Planctomycetacia",0
"BOX_9_50","DBO3","DBO3","C2b1","Spirochaetia",0
"BOX_9_50","DBO3","DBO3","C2b1","Thermoplasmata",0
"BOX_9_50","DBO3","DBO3","C2b1","Verrucomicrobiae",2.36263736263736
"BOX_9_51","DBO3","DBO3","C2b1","Acidimicrobiia",0
"BOX_9_51","DBO3","DBO3","C2b1","Actinobacteria",0.171751869064457
"BOX_9_51","DBO3","DBO3","C2b1","Alphaproteobacteria",12.7197413618913
"BOX_9_51","DBO3","DBO3","C2b1","Bacteroidia",43.3521923620933
"BOX_9_51","DBO3","DBO3","C2b1","CPR2",0
"BOX_9_51","DBO3","DBO3","C2b1","Campylobacteria",0
"BOX_9_51","DBO3","DBO3","C2b1","Chitinivibrionia",0
"BOX_9_51","DBO3","DBO3","C2b1","Clostridia",0
"BOX_9_51","DBO3","DBO3","C2b1","Deltaproteobacteria",0
"BOX_9_51","DBO3","DBO3","C2b1","Gammaproteobacteria",43.3825015154577
"BOX_9_51","DBO3","DBO3","C2b1","Gracilibacteria",0
"BOX_9_51","DBO3","DBO3","C2b1","Kiritimatiellae",0
"BOX_9_51","DBO3","DBO3","C2b1","Lentisphaeria",0
"BOX_9_51","DBO3","DBO3","C2b1","Lokiarchaeia",0
"BOX_9_51","DBO3","DBO3","C2b1","Marinimicrobia_(SAR406_clade)_cl",0
"BOX_9_51","DBO3","DBO3","C2b1","Mollicutes",0
"BOX_9_51","DBO3","DBO3","C2b1","Nitrososphaeria",0
"BOX_9_51","DBO3","DBO3","C2b1","Nitrospinia",0
"BOX_9_51","DBO3","DBO3","C2b1","OM190",0
"BOX_9_51","DBO3","DBO3","C2b1","Oligosphaeria",0
"BOX_9_51","DBO3","DBO3","C2b1","Oxyphotobacteria",0
"BOX_9_51","DBO3","DBO3","C2b1","Phycisphaerae",0
"BOX_9_51","DBO3","DBO3","C2b1","Planctomycetacia",0
"BOX_9_51","DBO3","DBO3","C2b1","Spirochaetia",0
"BOX_9_51","DBO3","DBO3","C2b1","Thermoplasmata",0
"BOX_9_51","DBO3","DBO3","C2b1","Verrucomicrobiae",0.373812891493231
"BOX_9_52","DBO3","DBO3","C2b1","Acidimicrobiia",0
"BOX_9_52","DBO3","DBO3","C2b1","Actinobacteria",0
"BOX_9_52","DBO3","DBO3","C2b1","Alphaproteobacteria",13.9309558703794
"BOX_9_52","DBO3","DBO3","C2b1","Bacteroidia",40.7669760625305
"BOX_9_52","DBO3","DBO3","C2b1","CPR2",0
"BOX_9_52","DBO3","DBO3","C2b1","Campylobacteria",0
"BOX_9_52","DBO3","DBO3","C2b1","Chitinivibrionia",0
"BOX_9_52","DBO3","DBO3","C2b1","Clostridia",0
"BOX_9_52","DBO3","DBO3","C2b1","Deltaproteobacteria",0
"BOX_9_52","DBO3","DBO3","C2b1","Gammaproteobacteria",42.8757531346686
"BOX_9_52","DBO3","DBO3","C2b1","Gracilibacteria",0
"BOX_9_52","DBO3","DBO3","C2b1","Kiritimatiellae",0
"BOX_9_52","DBO3","DBO3","C2b1","Lentisphaeria",0
"BOX_9_52","DBO3","DBO3","C2b1","Lokiarchaeia",0
"BOX_9_52","DBO3","DBO3","C2b1","Marinimicrobia_(SAR406_clade)_cl",0
"BOX_9_52","DBO3","DBO3","C2b1","Mollicutes",0
"BOX_9_52","DBO3","DBO3","C2b1","Nitrososphaeria",0
"BOX_9_52","DBO3","DBO3","C2b1","Nitrospinia",0
"BOX_9_52","DBO3","DBO3","C2b1","OM190",0
"BOX_9_52","DBO3","DBO3","C2b1","Oligosphaeria",0
"BOX_9_52","DBO3","DBO3","C2b1","Oxyphotobacteria",0
"BOX_9_52","DBO3","DBO3","C2b1","Phycisphaerae",0
"BOX_9_52","DBO3","DBO3","C2b1","Planctomycetacia",0
"BOX_9_52","DBO3","DBO3","C2b1","Spirochaetia",0
"BOX_9_52","DBO3","DBO3","C2b1","Thermoplasmata",0
"BOX_9_52","DBO3","DBO3","C2b1","Verrucomicrobiae",2.42631493242143
"BOX_9_53","DBO3","DBO3","C2b2","Acidimicrobiia",0
"BOX_9_53","DBO3","DBO3","C2b2","Actinobacteria",0
"BOX_9_53","DBO3","DBO3","C2b2","Alphaproteobacteria",13.5649616962006
"BOX_9_53","DBO3","DBO3","C2b2","Bacteroidia",32.0281668343264
"BOX_9_53","DBO3","DBO3","C2b2","CPR2",0
"BOX_9_53","DBO3","DBO3","C2b2","Campylobacteria",0
"BOX_9_53","DBO3","DBO3","C2b2","Chitinivibrionia",0
"BOX_9_53","DBO3","DBO3","C2b2","Clostridia",0
"BOX_9_53","DBO3","DBO3","C2b2","Deltaproteobacteria",0.758337847249091
"BOX_9_53","DBO3","DBO3","C2b2","Gammaproteobacteria",51.1336377002244
"BOX_9_53","DBO3","DBO3","C2b2","Gracilibacteria",0
"BOX_9_53","DBO3","DBO3","C2b2","Kiritimatiellae",0
"BOX_9_53","DBO3","DBO3","C2b2","Lentisphaeria",0
"BOX_9_53","DBO3","DBO3","C2b2","Lokiarchaeia",0
"BOX_9_53","DBO3","DBO3","C2b2","Marinimicrobia_(SAR406_clade)_cl",0
"BOX_9_53","DBO3","DBO3","C2b2","Mollicutes",0
"BOX_9_53","DBO3","DBO3","C2b2","Nitrososphaeria",0
"BOX_9_53","DBO3","DBO3","C2b2","Nitrospinia",0
"BOX_9_53","DBO3","DBO3","C2b2","OM190",0
"BOX_9_53","DBO3","DBO3","C2b2","Oligosphaeria",0
"BOX_9_53","DBO3","DBO3","C2b2","Oxyphotobacteria",0
"BOX_9_53","DBO3","DBO3","C2b2","Phycisphaerae",0
"BOX_9_53","DBO3","DBO3","C2b2","Planctomycetacia",0
"BOX_9_53","DBO3","DBO3","C2b2","Spirochaetia",0
"BOX_9_53","DBO3","DBO3","C2b2","Thermoplasmata",0
"BOX_9_53","DBO3","DBO3","C2b2","Verrucomicrobiae",2.51489592199954
"BOX_9_55","DBO3","DBO3","C2b1","Acidimicrobiia",0
"BOX_9_55","DBO3","DBO3","C2b1","Actinobacteria",0.190556849460089
"BOX_9_55","DBO3","DBO3","C2b1","Alphaproteobacteria",11.5745641894276
"BOX_9_55","DBO3","DBO3","C2b1","Bacteroidia",36.706895334886
"BOX_9_55","DBO3","DBO3","C2b1","CPR2",0
"BOX_9_55","DBO3","DBO3","C2b1","Campylobacteria",0
"BOX_9_55","DBO3","DBO3","C2b1","Chitinivibrionia",0
"BOX_9_55","DBO3","DBO3","C2b1","Clostridia",0
"BOX_9_55","DBO3","DBO3","C2b1","Deltaproteobacteria",0
"BOX_9_55","DBO3","DBO3","C2b1","Gammaproteobacteria",49.1283788552474
"BOX_9_55","DBO3","DBO3","C2b1","Gracilibacteria",0
"BOX_9_55","DBO3","DBO3","C2b1","Kiritimatiellae",0
"BOX_9_55","DBO3","DBO3","C2b1","Lentisphaeria",0
"BOX_9_55","DBO3","DBO3","C2b1","Lokiarchaeia",0
"BOX_9_55","DBO3","DBO3","C2b1","Marinimicrobia_(SAR406_clade)_cl",0
"BOX_9_55","DBO3","DBO3","C2b1","Mollicutes",0
"BOX_9_55","DBO3","DBO3","C2b1","Nitrososphaeria",0.585785870562496
"BOX_9_55","DBO3","DBO3","C2b1","Nitrospinia",0
"BOX_9_55","DBO3","DBO3","C2b1","OM190",0
"BOX_9_55","DBO3","DBO3","C2b1","Oligosphaeria",0
"BOX_9_55","DBO3","DBO3","C2b1","Oxyphotobacteria",0
"BOX_9_55","DBO3","DBO3","C2b1","Phycisphaerae",0
"BOX_9_55","DBO3","DBO3","C2b1","Planctomycetacia",0
"BOX_9_55","DBO3","DBO3","C2b1","Spirochaetia",0
"BOX_9_55","DBO3","DBO3","C2b1","Thermoplasmata",0
"BOX_9_55","DBO3","DBO3","C2b1","Verrucomicrobiae",1.8138189004164
"BOX_9_56","DBO3","DBO3","C2b2","Acidimicrobiia",0
"BOX_9_56","DBO3","DBO3","C2b2","Actinobacteria",0.531195673169789
"BOX_9_56","DBO3","DBO3","C2b2","Alphaproteobacteria",23.4209001352134
"BOX_9_56","DBO3","DBO3","C2b2","Bacteroidia",36.9325864400232
"BOX_9_56","DBO3","DBO3","C2b2","CPR2",0
"BOX_9_56","DBO3","DBO3","C2b2","Campylobacteria",0
"BOX_9_56","DBO3","DBO3","C2b2","Chitinivibrionia",0
"BOX_9_56","DBO3","DBO3","C2b2","Clostridia",0
"BOX_9_56","DBO3","DBO3","C2b2","Deltaproteobacteria",0
"BOX_9_56","DBO3","DBO3","C2b2","Gammaproteobacteria",38.9511299980684
"BOX_9_56","DBO3","DBO3","C2b2","Gracilibacteria",0
"BOX_9_56","DBO3","DBO3","C2b2","Kiritimatiellae",0
"BOX_9_56","DBO3","DBO3","C2b2","Lentisphaeria",0
"BOX_9_56","DBO3","DBO3","C2b2","Lokiarchaeia",0
"BOX_9_56","DBO3","DBO3","C2b2","Marinimicrobia_(SAR406_clade)_cl",0
"BOX_9_56","DBO3","DBO3","C2b2","Mollicutes",0
"BOX_9_56","DBO3","DBO3","C2b2","Nitrososphaeria",0
"BOX_9_56","DBO3","DBO3","C2b2","Nitrospinia",0
"BOX_9_56","DBO3","DBO3","C2b2","OM190",0
"BOX_9_56","DBO3","DBO3","C2b2","Oligosphaeria",0
"BOX_9_56","DBO3","DBO3","C2b2","Oxyphotobacteria",0
"BOX_9_56","DBO3","DBO3","C2b2","Phycisphaerae",0
"BOX_9_56","DBO3","DBO3","C2b2","Planctomycetacia",0
"BOX_9_56","DBO3","DBO3","C2b2","Spirochaetia",0
"BOX_9_56","DBO3","DBO3","C2b2","Thermoplasmata",0
"BOX_9_56","DBO3","DBO3","C2b2","Verrucomicrobiae",0.164187753525208
"BOX_9_57","DBO3","DBO3","C2b1","Acidimicrobiia",0
"BOX_9_57","DBO3","DBO3","C2b1","Actinobacteria",0.351957765068192
"BOX_9_57","DBO3","DBO3","C2b1","Alphaproteobacteria",14.1992960844699
"BOX_9_57","DBO3","DBO3","C2b1","Bacteroidia",39.3972723273207
"BOX_9_57","DBO3","DBO3","C2b1","CPR2",0
"BOX_9_57","DBO3","DBO3","C2b1","Campylobacteria",0
"BOX_9_57","DBO3","DBO3","C2b1","Chitinivibrionia",0
"BOX_9_57","DBO3","DBO3","C2b1","Clostridia",0
"BOX_9_57","DBO3","DBO3","C2b1","Deltaproteobacteria",0
"BOX_9_57","DBO3","DBO3","C2b1","Gammaproteobacteria",44.6766388033436
"BOX_9_57","DBO3","DBO3","C2b1","Gracilibacteria",0
"BOX_9_57","DBO3","DBO3","C2b1","Kiritimatiellae",0
"BOX_9_57","DBO3","DBO3","C2b1","Lentisphaeria",0
"BOX_9_57","DBO3","DBO3","C2b1","Lokiarchaeia",0
"BOX_9_57","DBO3","DBO3","C2b1","Marinimicrobia_(SAR406_clade)_cl",0
"BOX_9_57","DBO3","DBO3","C2b1","Mollicutes",0
"BOX_9_57","DBO3","DBO3","C2b1","Nitrososphaeria",0.395952485701716
"BOX_9_57","DBO3","DBO3","C2b1","Nitrospinia",0
"BOX_9_57","DBO3","DBO3","C2b1","OM190",0
"BOX_9_57","DBO3","DBO3","C2b1","Oligosphaeria",0
"BOX_9_57","DBO3","DBO3","C2b1","Oxyphotobacteria",0
"BOX_9_57","DBO3","DBO3","C2b1","Phycisphaerae",0
"BOX_9_57","DBO3","DBO3","C2b1","Planctomycetacia",0
"BOX_9_57","DBO3","DBO3","C2b1","Spirochaetia",0
"BOX_9_57","DBO3","DBO3","C2b1","Thermoplasmata",0
"BOX_9_57","DBO3","DBO3","C2b1","Verrucomicrobiae",0.978882534095908
"BOX_9_58","IL","Other transects","C2b1","Acidimicrobiia",0
"BOX_9_58","IL","Other transects","C2b1","Actinobacteria",0.510154027273619
"BOX_9_58","IL","Other transects","C2b1","Alphaproteobacteria",16.2268223290494
"BOX_9_58","IL","Other transects","C2b1","Bacteroidia",37.6336701658001
"BOX_9_58","IL","Other transects","C2b1","CPR2",0
"BOX_9_58","IL","Other transects","C2b1","Campylobacteria",0
"BOX_9_58","IL","Other transects","C2b1","Chitinivibrionia",0
"BOX_9_58","IL","Other transects","C2b1","Clostridia",0
"BOX_9_58","IL","Other transects","C2b1","Deltaproteobacteria",0
"BOX_9_58","IL","Other transects","C2b1","Gammaproteobacteria",44.5207495339939
"BOX_9_58","IL","Other transects","C2b1","Gracilibacteria",0
"BOX_9_58","IL","Other transects","C2b1","Kiritimatiellae",0
"BOX_9_58","IL","Other transects","C2b1","Lentisphaeria",0
"BOX_9_58","IL","Other transects","C2b1","Lokiarchaeia",0
"BOX_9_58","IL","Other transects","C2b1","Marinimicrobia_(SAR406_clade)_cl",0
"BOX_9_58","IL","Other transects","C2b1","Mollicutes",0
"BOX_9_58","IL","Other transects","C2b1","Nitrososphaeria",0
"BOX_9_58","IL","Other transects","C2b1","Nitrospinia",0
"BOX_9_58","IL","Other transects","C2b1","OM190",0
"BOX_9_58","IL","Other transects","C2b1","Oligosphaeria",0
"BOX_9_58","IL","Other transects","C2b1","Oxyphotobacteria",0
"BOX_9_58","IL","Other transects","C2b1","Phycisphaerae",0
"BOX_9_58","IL","Other transects","C2b1","Planctomycetacia",0
"BOX_9_58","IL","Other transects","C2b1","Spirochaetia",0
"BOX_9_58","IL","Other transects","C2b1","Thermoplasmata",0
"BOX_9_58","IL","Other transects","C2b1","Verrucomicrobiae",1.10860394388306
"BOX_9_59","IL","Other transects","C2b1","Acidimicrobiia",0
"BOX_9_59","IL","Other transects","C2b1","Actinobacteria",0.321876077710082
"BOX_9_59","IL","Other transects","C2b1","Alphaproteobacteria",17.5882285320152
"BOX_9_59","IL","Other transects","C2b1","Bacteroidia",40.8782618691804
"BOX_9_59","IL","Other transects","C2b1","CPR2",0
"BOX_9_59","IL","Other transects","C2b1","Campylobacteria",0
"BOX_9_59","IL","Other transects","C2b1","Chitinivibrionia",0
"BOX_9_59","IL","Other transects","C2b1","Clostridia",0
"BOX_9_59","IL","Other transects","C2b1","Deltaproteobacteria",0.206920335670767
"BOX_9_59","IL","Other transects","C2b1","Gammaproteobacteria",39.257385906426
"BOX_9_59","IL","Other transects","C2b1","Gracilibacteria",0
"BOX_9_59","IL","Other transects","C2b1","Kiritimatiellae",0
"BOX_9_59","IL","Other transects","C2b1","Lentisphaeria",0
"BOX_9_59","IL","Other transects","C2b1","Lokiarchaeia",0
"BOX_9_59","IL","Other transects","C2b1","Marinimicrobia_(SAR406_clade)_cl",0
"BOX_9_59","IL","Other transects","C2b1","Mollicutes",0
"BOX_9_59","IL","Other transects","C2b1","Nitrososphaeria",0
"BOX_9_59","IL","Other transects","C2b1","Nitrospinia",0
"BOX_9_59","IL","Other transects","C2b1","OM190",0
"BOX_9_59","IL","Other transects","C2b1","Oligosphaeria",0
"BOX_9_59","IL","Other transects","C2b1","Oxyphotobacteria",0
"BOX_9_59","IL","Other transects","C2b1","Phycisphaerae",0
"BOX_9_59","IL","Other transects","C2b1","Planctomycetacia",0
"BOX_9_59","IL","Other transects","C2b1","Spirochaetia",0
"BOX_9_59","IL","Other transects","C2b1","Thermoplasmata",0
"BOX_9_59","IL","Other transects","C2b1","Verrucomicrobiae",1.74732727899759
"BOX_9_60","IL","Other transects","C2b2","Acidimicrobiia",0.214206152000685
"BOX_9_60","IL","Other transects","C2b2","Actinobacteria",0
"BOX_9_60","IL","Other transects","C2b2","Alphaproteobacteria",14.8659069488476
"BOX_9_60","IL","Other transects","C2b2","Bacteroidia",35.1726501585126
"BOX_9_60","IL","Other transects","C2b2","CPR2",0
"BOX_9_60","IL","Other transects","C2b2","Campylobacteria",0
"BOX_9_60","IL","Other transects","C2b2","Chitinivibrionia",0
"BOX_9_60","IL","Other transects","C2b2","Clostridia",0
"BOX_9_60","IL","Other transects","C2b2","Deltaproteobacteria",0.514094764801645
"BOX_9_60","IL","Other transects","C2b2","Gammaproteobacteria",46.7997600891097
"BOX_9_60","IL","Other transects","C2b2","Gracilibacteria",0
"BOX_9_60","IL","Other transects","C2b2","Kiritimatiellae",0
"BOX_9_60","IL","Other transects","C2b2","Lentisphaeria",0
"BOX_9_60","IL","Other transects","C2b2","Lokiarchaeia",0
"BOX_9_60","IL","Other transects","C2b2","Marinimicrobia_(SAR406_clade)_cl",0
"BOX_9_60","IL","Other transects","C2b2","Mollicutes",0
"BOX_9_60","IL","Other transects","C2b2","Nitrososphaeria",0.385571073601234
"BOX_9_60","IL","Other transects","C2b2","Nitrospinia",0
"BOX_9_60","IL","Other transects","C2b2","OM190",0
"BOX_9_60","IL","Other transects","C2b2","Oligosphaeria",0
"BOX_9_60","IL","Other transects","C2b2","Oxyphotobacteria",0
"BOX_9_60","IL","Other transects","C2b2","Phycisphaerae",0.359866335361152
"BOX_9_60","IL","Other transects","C2b2","Planctomycetacia",0
"BOX_9_60","IL","Other transects","C2b2","Spirochaetia",0
"BOX_9_60","IL","Other transects","C2b2","Thermoplasmata",0
"BOX_9_60","IL","Other transects","C2b2","Verrucomicrobiae",1.6879444777654
"BOX_9_62","IL","Other transects","B2b","Acidimicrobiia",0
"BOX_9_62","IL","Other transects","B2b","Actinobacteria",0
"BOX_9_62","IL","Other transects","B2b","Alphaproteobacteria",2.34702430846605
"BOX_9_62","IL","Other transects","B2b","Bacteroidia",36.6238958024373
"BOX_9_62","IL","Other transects","B2b","CPR2",0
"BOX_9_62","IL","Other transects","B2b","Campylobacteria",0
"BOX_9_62","IL","Other transects","B2b","Chitinivibrionia",0
"BOX_9_62","IL","Other transects","B2b","Clostridia",0
"BOX_9_62","IL","Other transects","B2b","Deltaproteobacteria",0.122509510606744
"BOX_9_62","IL","Other transects","B2b","Gammaproteobacteria",48.9909085047392
"BOX_9_62","IL","Other transects","B2b","Gracilibacteria",0
"BOX_9_62","IL","Other transects","B2b","Kiritimatiellae",0
"BOX_9_62","IL","Other transects","B2b","Lentisphaeria",0
"BOX_9_62","IL","Other transects","B2b","Lokiarchaeia",0
"BOX_9_62","IL","Other transects","B2b","Marinimicrobia_(SAR406_clade)_cl",0
"BOX_9_62","IL","Other transects","B2b","Mollicutes",0
"BOX_9_62","IL","Other transects","B2b","Nitrososphaeria",0
"BOX_9_62","IL","Other transects","B2b","Nitrospinia",0
"BOX_9_62","IL","Other transects","B2b","OM190",0
"BOX_9_62","IL","Other transects","B2b","Oligosphaeria",0
"BOX_9_62","IL","Other transects","B2b","Oxyphotobacteria",0
"BOX_9_62","IL","Other transects","B2b","Phycisphaerae",0
"BOX_9_62","IL","Other transects","B2b","Planctomycetacia",0
"BOX_9_62","IL","Other transects","B2b","Spirochaetia",0
"BOX_9_62","IL","Other transects","B2b","Thermoplasmata",0
"BOX_9_62","IL","Other transects","B2b","Verrucomicrobiae",11.9156618737507
"BOX_9_64","DBO3","DBO3","B2b","Acidimicrobiia",0
"BOX_9_64","DBO3","DBO3","B2b","Actinobacteria",0
"BOX_9_64","DBO3","DBO3","B2b","Alphaproteobacteria",14.412856959918
"BOX_9_64","DBO3","DBO3","B2b","Bacteroidia",51.0180560891279
"BOX_9_64","DBO3","DBO3","B2b","CPR2",0
"BOX_9_64","DBO3","DBO3","B2b","Campylobacteria",0
"BOX_9_64","DBO3","DBO3","B2b","Chitinivibrionia",0
"BOX_9_64","DBO3","DBO3","B2b","Clostridia",0
"BOX_9_64","DBO3","DBO3","B2b","Deltaproteobacteria",0
"BOX_9_64","DBO3","DBO3","B2b","Gammaproteobacteria",34.569086950954
"BOX_9_64","DBO3","DBO3","B2b","Gracilibacteria",0
"BOX_9_64","DBO3","DBO3","B2b","Kiritimatiellae",0
"BOX_9_64","DBO3","DBO3","B2b","Lentisphaeria",0
"BOX_9_64","DBO3","DBO3","B2b","Lokiarchaeia",0
"BOX_9_64","DBO3","DBO3","B2b","Marinimicrobia_(SAR406_clade)_cl",0
"BOX_9_64","DBO3","DBO3","B2b","Mollicutes",0
"BOX_9_64","DBO3","DBO3","B2b","Nitrososphaeria",0
"BOX_9_64","DBO3","DBO3","B2b","Nitrospinia",0
"BOX_9_64","DBO3","DBO3","B2b","OM190",0
"BOX_9_64","DBO3","DBO3","B2b","Oligosphaeria",0
"BOX_9_64","DBO3","DBO3","B2b","Oxyphotobacteria",0
"BOX_9_64","DBO3","DBO3","B2b","Phycisphaerae",0
"BOX_9_64","DBO3","DBO3","B2b","Planctomycetacia",0
"BOX_9_64","DBO3","DBO3","B2b","Spirochaetia",0
"BOX_9_64","DBO3","DBO3","B2b","Thermoplasmata",0
"BOX_9_64","DBO3","DBO3","B2b","Verrucomicrobiae",0
"BOX_9_65","IL","Other transects","B2a","Acidimicrobiia",0
"BOX_9_65","IL","Other transects","B2a","Actinobacteria",0
"BOX_9_65","IL","Other transects","B2a","Alphaproteobacteria",12.7165162234691
"BOX_9_65","IL","Other transects","B2a","Bacteroidia",38.7350573310564
"BOX_9_65","IL","Other transects","B2a","CPR2",0
"BOX_9_65","IL","Other transects","B2a","Campylobacteria",0
"BOX_9_65","IL","Other transects","B2a","Chitinivibrionia",0
"BOX_9_65","IL","Other transects","B2a","Clostridia",0
"BOX_9_65","IL","Other transects","B2a","Deltaproteobacteria",0.115881922420102
"BOX_9_65","IL","Other transects","B2a","Gammaproteobacteria",48.4325445230544
"BOX_9_65","IL","Other transects","B2a","Gracilibacteria",0
"BOX_9_65","IL","Other transects","B2a","Kiritimatiellae",0
"BOX_9_65","IL","Other transects","B2a","Lentisphaeria",0
"BOX_9_65","IL","Other transects","B2a","Lokiarchaeia",0
"BOX_9_65","IL","Other transects","B2a","Marinimicrobia_(SAR406_clade)_cl",0
"BOX_9_65","IL","Other transects","B2a","Mollicutes",0
"BOX_9_65","IL","Other transects","B2a","Nitrososphaeria",0
"BOX_9_65","IL","Other transects","B2a","Nitrospinia",0
"BOX_9_65","IL","Other transects","B2a","OM190",0
"BOX_9_65","IL","Other transects","B2a","Oligosphaeria",0
"BOX_9_65","IL","Other transects","B2a","Oxyphotobacteria",0
"BOX_9_65","IL","Other transects","B2a","Phycisphaerae",0
"BOX_9_65","IL","Other transects","B2a","Planctomycetacia",0
"BOX_9_65","IL","Other transects","B2a","Spirochaetia",0
"BOX_9_65","IL","Other transects","B2a","Thermoplasmata",0
"BOX_9_65","IL","Other transects","B2a","Verrucomicrobiae",0
"BOX_9_66","IL","Other transects","B2a","Acidimicrobiia",0
"BOX_9_66","IL","Other transects","B2a","Actinobacteria",0
"BOX_9_66","IL","Other transects","B2a","Alphaproteobacteria",13.8247088027497
"BOX_9_66","IL","Other transects","B2a","Bacteroidia",33.0660047100757
"BOX_9_66","IL","Other transects","B2a","CPR2",0
"BOX_9_66","IL","Other transects","B2a","Campylobacteria",0
"BOX_9_66","IL","Other transects","B2a","Chitinivibrionia",0
"BOX_9_66","IL","Other transects","B2a","Clostridia",0
"BOX_9_66","IL","Other transects","B2a","Deltaproteobacteria",0
"BOX_9_66","IL","Other transects","B2a","Gammaproteobacteria",53.1092864871746
"BOX_9_66","IL","Other transects","B2a","Gracilibacteria",0
"BOX_9_66","IL","Other transects","B2a","Kiritimatiellae",0
"BOX_9_66","IL","Other transects","B2a","Lentisphaeria",0
"BOX_9_66","IL","Other transects","B2a","Lokiarchaeia",0
"BOX_9_66","IL","Other transects","B2a","Marinimicrobia_(SAR406_clade)_cl",0
"BOX_9_66","IL","Other transects","B2a","Mollicutes",0
"BOX_9_66","IL","Other transects","B2a","Nitrososphaeria",0
"BOX_9_66","IL","Other transects","B2a","Nitrospinia",0
"BOX_9_66","IL","Other transects","B2a","OM190",0
"BOX_9_66","IL","Other transects","B2a","Oligosphaeria",0
"BOX_9_66","IL","Other transects","B2a","Oxyphotobacteria",0
"BOX_9_66","IL","Other transects","B2a","Phycisphaerae",0
"BOX_9_66","IL","Other transects","B2a","Planctomycetacia",0
"BOX_9_66","IL","Other transects","B2a","Spirochaetia",0
"BOX_9_66","IL","Other transects","B2a","Thermoplasmata",0
"BOX_9_66","IL","Other transects","B2a","Verrucomicrobiae",0
"BOX_9_67","IL","Other transects","B2a","Acidimicrobiia",0
"BOX_9_67","IL","Other transects","B2a","Actinobacteria",0
"BOX_9_67","IL","Other transects","B2a","Alphaproteobacteria",12.5600057318908
"BOX_9_67","IL","Other transects","B2a","Bacteroidia",34.6134556136706
"BOX_9_67","IL","Other transects","B2a","CPR2",0
"BOX_9_67","IL","Other transects","B2a","Campylobacteria",0
"BOX_9_67","IL","Other transects","B2a","Chitinivibrionia",0
"BOX_9_67","IL","Other transects","B2a","Clostridia",0
"BOX_9_67","IL","Other transects","B2a","Deltaproteobacteria",0.50154044565451
"BOX_9_67","IL","Other transects","B2a","Gammaproteobacteria",52.3249982087841
"BOX_9_67","IL","Other transects","B2a","Gracilibacteria",0
"BOX_9_67","IL","Other transects","B2a","Kiritimatiellae",0
"BOX_9_67","IL","Other transects","B2a","Lentisphaeria",0
"BOX_9_67","IL","Other transects","B2a","Lokiarchaeia",0
"BOX_9_67","IL","Other transects","B2a","Marinimicrobia_(SAR406_clade)_cl",0
"BOX_9_67","IL","Other transects","B2a","Mollicutes",0
"BOX_9_67","IL","Other transects","B2a","Nitrososphaeria",0
"BOX_9_67","IL","Other transects","B2a","Nitrospinia",0
"BOX_9_67","IL","Other transects","B2a","OM190",0
"BOX_9_67","IL","Other transects","B2a","Oligosphaeria",0
"BOX_9_67","IL","Other transects","B2a","Oxyphotobacteria",0
"BOX_9_67","IL","Other transects","B2a","Phycisphaerae",0
"BOX_9_67","IL","Other transects","B2a","Planctomycetacia",0
"BOX_9_67","IL","Other transects","B2a","Spirochaetia",0
"BOX_9_67","IL","Other transects","B2a","Thermoplasmata",0
"BOX_9_67","IL","Other transects","B2a","Verrucomicrobiae",0
"BOX_9_68","IL","Other transects","B2b","Acidimicrobiia",0
"BOX_9_68","IL","Other transects","B2b","Actinobacteria",0
"BOX_9_68","IL","Other transects","B2b","Alphaproteobacteria",21.6247350474611
"BOX_9_68","IL","Other transects","B2b","Bacteroidia",55.6216016956963
"BOX_9_68","IL","Other transects","B2b","CPR2",0
"BOX_9_68","IL","Other transects","B2b","Campylobacteria",0
"BOX_9_68","IL","Other transects","B2b","Chitinivibrionia",0
"BOX_9_68","IL","Other transects","B2b","Clostridia",0
"BOX_9_68","IL","Other transects","B2b","Deltaproteobacteria",0
"BOX_9_68","IL","Other transects","B2b","Gammaproteobacteria",22.7536632568427
"BOX_9_68","IL","Other transects","B2b","Gracilibacteria",0
"BOX_9_68","IL","Other transects","B2b","Kiritimatiellae",0
"BOX_9_68","IL","Other transects","B2b","Lentisphaeria",0
"BOX_9_68","IL","Other transects","B2b","Lokiarchaeia",0
"BOX_9_68","IL","Other transects","B2b","Marinimicrobia_(SAR406_clade)_cl",0
"BOX_9_68","IL","Other transects","B2b","Mollicutes",0
"BOX_9_68","IL","Other transects","B2b","Nitrososphaeria",0
"BOX_9_68","IL","Other transects","B2b","Nitrospinia",0
"BOX_9_68","IL","Other transects","B2b","OM190",0
"BOX_9_68","IL","Other transects","B2b","Oligosphaeria",0
"BOX_9_68","IL","Other transects","B2b","Oxyphotobacteria",0
"BOX_9_68","IL","Other transects","B2b","Phycisphaerae",0
"BOX_9_68","IL","Other transects","B2b","Planctomycetacia",0
"BOX_9_68","IL","Other transects","B2b","Spirochaetia",0
"BOX_9_68","IL","Other transects","B2b","Thermoplasmata",0
"BOX_9_68","IL","Other transects","B2b","Verrucomicrobiae",0
"BOX_9_70","IL","Other transects","B2b","Acidimicrobiia",0
"BOX_9_70","IL","Other transects","B2b","Actinobacteria",0
"BOX_9_70","IL","Other transects","B2b","Alphaproteobacteria",20.5554331055764
"BOX_9_70","IL","Other transects","B2b","Bacteroidia",45.3868194842407
"BOX_9_70","IL","Other transects","B2b","CPR2",0
"BOX_9_70","IL","Other transects","B2b","Campylobacteria",0
"BOX_9_70","IL","Other transects","B2b","Chitinivibrionia",0
"BOX_9_70","IL","Other transects","B2b","Clostridia",0
"BOX_9_70","IL","Other transects","B2b","Deltaproteobacteria",0.0837557857615164
"BOX_9_70","IL","Other transects","B2b","Gammaproteobacteria",33.9739916244214
"BOX_9_70","IL","Other transects","B2b","Gracilibacteria",0
"BOX_9_70","IL","Other transects","B2b","Kiritimatiellae",0
"BOX_9_70","IL","Other transects","B2b","Lentisphaeria",0
"BOX_9_70","IL","Other transects","B2b","Lokiarchaeia",0
"BOX_9_70","IL","Other transects","B2b","Marinimicrobia_(SAR406_clade)_cl",0
"BOX_9_70","IL","Other transects","B2b","Mollicutes",0
"BOX_9_70","IL","Other transects","B2b","Nitrososphaeria",0
"BOX_9_70","IL","Other transects","B2b","Nitrospinia",0
"BOX_9_70","IL","Other transects","B2b","OM190",0
"BOX_9_70","IL","Other transects","B2b","Oligosphaeria",0
"BOX_9_70","IL","Other transects","B2b","Oxyphotobacteria",0
"BOX_9_70","IL","Other transects","B2b","Phycisphaerae",0
"BOX_9_70","IL","Other transects","B2b","Planctomycetacia",0
"BOX_9_70","IL","Other transects","B2b","Spirochaetia",0
"BOX_9_70","IL","Other transects","B2b","Thermoplasmata",0
"BOX_9_70","IL","Other transects","B2b","Verrucomicrobiae",0
"BOX_9_72","IL","Other transects","B2b","Acidimicrobiia",0
"BOX_9_72","IL","Other transects","B2b","Actinobacteria",0
"BOX_9_72","IL","Other transects","B2b","Alphaproteobacteria",13.258199316196
"BOX_9_72","IL","Other transects","B2b","Bacteroidia",35.7667468658984
"BOX_9_72","IL","Other transects","B2b","CPR2",0
"BOX_9_72","IL","Other transects","B2b","Campylobacteria",0
"BOX_9_72","IL","Other transects","B2b","Chitinivibrionia",0
"BOX_9_72","IL","Other transects","B2b","Clostridia",0
"BOX_9_72","IL","Other transects","B2b","Deltaproteobacteria",0.848423451943776
"BOX_9_72","IL","Other transects","B2b","Gammaproteobacteria",35.2095732556667
"BOX_9_72","IL","Other transects","B2b","Gracilibacteria",0
"BOX_9_72","IL","Other transects","B2b","Kiritimatiellae",0
"BOX_9_72","IL","Other transects","B2b","Lentisphaeria",0
"BOX_9_72","IL","Other transects","B2b","Lokiarchaeia",0
"BOX_9_72","IL","Other transects","B2b","Marinimicrobia_(SAR406_clade)_cl",0
"BOX_9_72","IL","Other transects","B2b","Mollicutes",0
"BOX_9_72","IL","Other transects","B2b","Nitrososphaeria",0
"BOX_9_72","IL","Other transects","B2b","Nitrospinia",0
"BOX_9_72","IL","Other transects","B2b","OM190",0
"BOX_9_72","IL","Other transects","B2b","Oligosphaeria",0
"BOX_9_72","IL","Other transects","B2b","Oxyphotobacteria",0
"BOX_9_72","IL","Other transects","B2b","Phycisphaerae",0
"BOX_9_72","IL","Other transects","B2b","Planctomycetacia",0
"BOX_9_72","IL","Other transects","B2b","Spirochaetia",0
"BOX_9_72","IL","Other transects","B2b","Thermoplasmata",0
"BOX_9_72","IL","Other transects","B2b","Verrucomicrobiae",14.917057110295
"BOX_9_73","IL","Other transects","B2b","Acidimicrobiia",0
"BOX_9_73","IL","Other transects","B2b","Actinobacteria",0
"BOX_9_73","IL","Other transects","B2b","Alphaproteobacteria",16.1184700104182
"BOX_9_73","IL","Other transects","B2b","Bacteroidia",34.9307932728084
"BOX_9_73","IL","Other transects","B2b","CPR2",0
"BOX_9_73","IL","Other transects","B2b","Campylobacteria",0
"BOX_9_73","IL","Other transects","B2b","Chitinivibrionia",0
"BOX_9_73","IL","Other transects","B2b","Clostridia",0
"BOX_9_73","IL","Other transects","B2b","Deltaproteobacteria",0.208364339931537
"BOX_9_73","IL","Other transects","B2b","Gammaproteobacteria",39.5892245869921
"BOX_9_73","IL","Other transects","B2b","Gracilibacteria",0
"BOX_9_73","IL","Other transects","B2b","Kiritimatiellae",0
"BOX_9_73","IL","Other transects","B2b","Lentisphaeria",0
"BOX_9_73","IL","Other transects","B2b","Lokiarchaeia",0
"BOX_9_73","IL","Other transects","B2b","Marinimicrobia_(SAR406_clade)_cl",0
"BOX_9_73","IL","Other transects","B2b","Mollicutes",0
"BOX_9_73","IL","Other transects","B2b","Nitrososphaeria",0
"BOX_9_73","IL","Other transects","B2b","Nitrospinia",0
"BOX_9_73","IL","Other transects","B2b","OM190",0
"BOX_9_73","IL","Other transects","B2b","Oligosphaeria",0
"BOX_9_73","IL","Other transects","B2b","Oxyphotobacteria",0
"BOX_9_73","IL","Other transects","B2b","Phycisphaerae",0
"BOX_9_73","IL","Other transects","B2b","Planctomycetacia",0
"BOX_9_73","IL","Other transects","B2b","Spirochaetia",0
"BOX_9_73","IL","Other transects","B2b","Thermoplasmata",0
"BOX_9_73","IL","Other transects","B2b","Verrucomicrobiae",9.15314778984968
"BOX_9_74","IL","Other transects","B2b","Acidimicrobiia",0
"BOX_9_74","IL","Other transects","B2b","Actinobacteria",0
"BOX_9_74","IL","Other transects","B2b","Alphaproteobacteria",12.7772951057052
"BOX_9_74","IL","Other transects","B2b","Bacteroidia",48.4564147118448
"BOX_9_74","IL","Other transects","B2b","CPR2",0
"BOX_9_74","IL","Other transects","B2b","Campylobacteria",0.422820735592239
"BOX_9_74","IL","Other transects","B2b","Chitinivibrionia",0
"BOX_9_74","IL","Other transects","B2b","Clostridia",0
"BOX_9_74","IL","Other transects","B2b","Deltaproteobacteria",0.602374746597162
"BOX_9_74","IL","Other transects","B2b","Gammaproteobacteria",29.5684911671011
"BOX_9_74","IL","Other transects","B2b","Gracilibacteria",0
"BOX_9_74","IL","Other transects","B2b","Kiritimatiellae",0
"BOX_9_74","IL","Other transects","B2b","Lentisphaeria",0
"BOX_9_74","IL","Other transects","B2b","Lokiarchaeia",0
"BOX_9_74","IL","Other transects","B2b","Marinimicrobia_(SAR406_clade)_cl",0
"BOX_9_74","IL","Other transects","B2b","Mollicutes",0
"BOX_9_74","IL","Other transects","B2b","Nitrososphaeria",0
"BOX_9_74","IL","Other transects","B2b","Nitrospinia",0
"BOX_9_74","IL","Other transects","B2b","OM190",0
"BOX_9_74","IL","Other transects","B2b","Oligosphaeria",0
"BOX_9_74","IL","Other transects","B2b","Oxyphotobacteria",0
"BOX_9_74","IL","Other transects","B2b","Phycisphaerae",0
"BOX_9_74","IL","Other transects","B2b","Planctomycetacia",0
"BOX_9_74","IL","Other transects","B2b","Spirochaetia",0
"BOX_9_74","IL","Other transects","B2b","Thermoplasmata",0
"BOX_9_74","IL","Other transects","B2b","Verrucomicrobiae",8.17260353315957
